(	1500
France	430
Paris	290
Article	232
Pageno	149
Landrin	130
Rochemeuse	127
Soudan	102
—	90
Villeray	64
Congo	64
Nil	62
Pays	62
Afrique	60
Provence	57
porte	57
El	56
Samory	55
Europe	52
Angleterre	51
Aurore	50
Normandie	49
Londres	49
mer	47
Havre	45
place	45
Blaisot	44
Ie	41
Moumousse	41
Ik	40
Caire	40
Dalmas	40
Makouta	39
Courville	39
Tchad	39
Qa	38
Mary	37
Fachoda	37
Moyen	36
Var	36
Chine	35
Sans-le-Sou	35
Sa	34
Image	33
Somalis	33
Temple	32
Madagascar	32
Rino	32
Abou-Bakar	32
Bondoukou	31
Marco	31
El-Arich	31
Espagne	31
A	30
Sud	30
E	29
Ton	29
Alger	29
Bruxelles	28
Rouen	28
Niger	28
Torix	28
Nord	27
Washington	27
Seine	27
Italie	27
Cap	27
Nice	27
Alpes	26
Imp	26
Somme	25
Marseille	25
Barblchon	25
Caen	25
Brazzaville	25
Rdpublique	24
Grande	24
Republique	24
Japon	24
Puiseaux	24
Ia	23
Djaya-Wanara	23
Chevreuse	23
Russie	22
Marchand	22
Berar	22
Oul	22
Ville	22
Pablo	22
Java	21
Sierra	21
Khartoum	21
Tune	21
Dauphin	20
Tartyfume	20
Amdrique	20
Barbichon	20
Toulon	20
Gilberte	20
Bonaparte	19
Vaucluse	19
Saint-	19
Madrid	19
Arras	19
Calcutta	19
Fran	19
Douglas	18
Tun	18
Naples	18
Roche	18
Industrie	18
Indes	18
Assikasso	17
Victoria	17
Papoua	17
Cook	17
Laqueuille	17
Amerique	17
Silence	16
Almamy	16
Avaray	16
Manche	16
Midi	16
Tombouctou	16
Ja	16
Varigny	16
Orient	16
Kali	16
DjayaWanara	16
Sardaigne	16
Koupchine	16
Bouna	15
Malabou	15
Dieppe	15
Jo	15
Leocadie	15
Luxembourg	15
Andre	15
Rome	14
Oran	14
Boulogne	14
Cest	14
Cognac	14
Eure	14
Kyoto	14
Savoie	14
Somali	14
Rosas	14
Versailles	14
Basses-Alpes	14
Taxile	14
Biskra	13
Jersey	13
Vire	13
Hollande	13
Loire	13
Man	13
Isaac	13
Richmond	13
Alengon	13
Asie	13
Tonkin	13
Keratry	13
Est	12
Djibouti	12
Providence	12
Afrlque	12
Suisse	12
Allemagne	12
Tremel	12
Sud-Ouest	12
Lk	12
Dabakala	12
Despagne	12
Sahara	12
Loango	12
Bretagne	12
Roohemeuse	12
Sobat	12
Avignon	12
Islington	12
Chazalie	12
Aix	12
Sumatra	11
Guetrier	11
Etaient	11
Valence	11
Charl	11
Floride	11
Rabah	11
Pa	11
Cavally	11
&	11
Sofas	11
Sidi	11
Abbeville	11
Syrie	11
Dioulas	11
Gascon	11
Placide	11
San	11
Batavia	11
Lan	11
Canada	11
Frotte	11
Bordeaux	11
Katorga	10
Montcalm	10
Carpentras	10
Mamady	10
Samoa	10
Rhdne	10
Amiens	10
Brazza	10
Los	10
Saint-Martin	10
Nantes	10
Celeste	10
Franco	10
Garde	10
Etats-Unis	10
Itaient	10
Klonkong	10
Sowowi	10
Cusputes	10
Loubade	10
Senegal	10
Yukon	10
Granville	10
Klondike	10
Maroc	10
Noves	10
Tor	10
Gaya	10
Bagulrml	10
Egypte	10
Maroo	10
Gordon	10
Marne	10
Saint-Louis	9
K	9
Portugal	9
Abeuche	9
Speke	9
Age	9
Saint-Domingue	9
Rhin	9
Priamvara	9
SaintDomingue	9
Bahr-el-Ghazal	9
Porte	9
Gaston	9
Bouillon	9
Bassin	9
Durance	9
Charlemagne	9
Evreux	9
Mtesa	9
Yankee	9
Barras	9
Saint-Marin	9
Sanadi	9
Bara	9
Langle	9
Tautre	9
Pose	9
Florence	9
Gaourang	9
Nour	9
Cherbourg	9
Iautre	8
Hongrie	8
Palangrotte	8
Pulseaux	8
Stanley	8
Baye	8
Leonidas	8
Behrs	8
Saint-Pierre	8
Soueh	8
Compagnie	8
Manuelita	8
Bagdad	8
Timbres	8
Bar	8
Havane	8
Meuse	8
Suez	8
Arfak	8
Bahia-Honda	8
Lanessan	8
Cuba	8
Parme	8
Guyane	8
Uno	8
Pamela	8
Buenos-Ayres	8
Bikanel	8
Inde	8
New-York	8
Berlin	8
Oh	8
Stats	8
Dahomey	8
Skaguay	8
Prance	8
Sitafa	8
Ourga	8
Basse-	8
Tirage	8
Maroni	8
Saint-Jean	8
Reine	8
Pandgi-Maha	8
Zaranou	7
Vallat	7
Te	7
Dlgne	7
Saint-Pol-Lias	7
Saint-Jacques	7
Laura	7
Diane	7
Empire	7
Lune	7
Co	7
Moreno	7
Vendee	7
Ango	7
Mar	7
Mer	7
Objectif	7
Grasse	7
Guesclin	7
Cochinchine	7
Pernyn	7
Tile	7
Trentinian	7
So	7
Antilles	7
Algerie	7
Gard	7
Roche-meuse	7
Malaisie	7
Cairo	7
Peri	7
Flandres	7
Oukereoue	7
BfiMousso	7
Turquie	7
Saint-Omer	7
Oubangui	7
Abdallah	7
Coras	7
Duthoit	7
Tan	7
Touareg	7
Moi	7
Flandre	7
Draguignan	7
Versallles	7
Gobert	7
Oubangul	7
Jardie	7
Salnt-Flrmln	7
Rama	6
Ndrde	6
Castelfranc	6
Gironde	6
Hoi	6
Provencal	6
Museum	6
Thakamban	6
IAmerique	6
Coran	6
Konakry	6
Haute	6
Thorizon	6
Dresde	6
Aussi	6
Artois	6
Saint-Firmin	6
Dinkas	6
Bengale	6
Ratina	6
Sofa	6
Salnte-Savlnc	6
Bahr-el-	6
Voir	6
Brest	6
Ouganda	6
Mexico	6
Tanganyika	6
Bernay	6
Petites	6
Bouddha	6
Aden	6
Mabala	6
Arles	6
Camargue	6
NMe	6
Nouvelle-	6
Livingstone	6
Abdullah	6
Ceylan	6
Bali	6
Us	6
Prairie	6
Chari	6
TAllemagne	6
Berre	6
Humbert	6
Capitaine	6
Lo	6
Tu	6
Choi	6
Zanzibar	6
Nouvelle	6
Corde	6
Place	6
Bravo	6
Baguirmi	6
Vive	6
Nul	6
Saint-Ld	6
II	6
Rhene	6
Bourgogne	6
Pagode	6
Bdrar	6
Done	6
Jeune	6
Saint-Pol	6
Navarre	6
Nassif-Pacha	6
Petrel	6
Haut	6
Transvaal	6
Malherbe	6
Etat	6
Burton	6
In	6
Italic	6
Djokdjokarta	6
Mo	6
Manohe	6
Plccadllly	5
Polle	5
Chevlgne	5
Calais	5
Sonde	5
Lyon	5
Llbran	5
Li	5
Va	5
Commune	5
Hanoi	5
Venise	5
It	5
Semperfldelis	5
Sainte-	5
Texas	5
Touba	5
Mesnil-Saint-Denis	5
Snoussl	5
Claudia	5
Birmanie	5
Verdon	5
Mansinam	5
Wailly	5
If	5
Auvergne	5
Klobb	5
Vannes	5
Poitiers	5
Vlctorla	5
Caucase	5
MontchaninlcsMines	5
Lavayssiere	5
Aries	5
Estrapade	5
Augerolles	5
Barblohon	5
TASSA	5
Lamblin	5
Grlblngul	5
Grand-Andely	5
Otablcho	5
Landeroin	5
Elbeuf	5
Georges	5
Citoyen	5
Jy	5
Binger	5
Tours	5
Abyssinie	5
Sooonde	5
Borda	5
Mille	5
Ban	5
Jura	5
Mengkourat-Mas	5
Franoe	5
Henrique	5
Beaufort	5
Bastille	5
Bombay	5
Marie	5
Carentan	5
Mediterranee	5
Alain	5
Coutances	5
Alberto	5
Dauphln	5
Ba	5
Organ	5
Lorraine	5
Beauvais	5
Ies	5
Bruges	5
Mortagne	5
Guinee	5
Trouville	5
Colorado	5
Sopogne	5
Dongola	5
Patrlck	5
Saint-Laurent	5
Harrar	5
Tigre	5
Soto	5
Attends	5
Verdun	5
Saint-Michel	5
Mongolie	5
Tournai	5
Recreations	5
Alpes-Maritimes	5
Chanoine	5
Aveo	5
Anglais	5
VendOme	5
Obock	5
Faidherbe	5
Angle	5
Slclle	5
Tamatave	5
Noire	5
Blrmanle	5
Pays-Bas	5
Ldonidas	5
Bangui	5
Merapi	5
Belgique	5
Sanglapee	5
Carmes	5
Rio-Hacha	4
NK	4
Piesohis	4
Mata-	4
Victor-Emmanuel	4
Maures	4
Ocdan	4
Vingt	4
Toscane	4
Ubaye	4
Tourville	4
Mogador	4
Ligne	4
Diaphragms	4
Chakdara	4
Calvados	4
Hambourg	4
Osaka	4
NOTRE	4
Montagne	4
Tarascon	4
Spitzberg	4
Danton	4
Gaillon	4
Ahl	4
Colbert	4
Saigon	4
Photocopie	4
Philippines	4
Mangin	4
Potter	4
Raleigh	4
Chancelleries	4
Kabylie	4
Manille	4
Barbier	4
Tong	4
Artemise	4
Trlnacrle	4
Danemark	4
Salnt-Malo	4
Kban-Balikh	4
Terkier	4
Diamala	4
Josephine	4
Port-Loali	4
Com	4
Bourbon	4
Chouans	4
Theure	4
Peyronnet	4
Petit-Andely	4
Argentan	4
Mortain	4
Plaza	4
Thionville	4
Marambat	4
Palmares	4
Germain	4
Li-Chung	4
Ten	4
SaintDomin	4
Avre	4
Vega	4
Taide	4
Djimini	4
Doret	4
Adam	4
Qul	4
Ocean	4
Gras	4
Gdnie	4
Bismarck	4
Ataient	4
Martinique	4
Marin	4
Mont-	4
Blidah	4
Gerone	4
Tar	4
Turin	4
Pardon	4
Nkukomm	4
Muy	4
Maitre	4
Normandle	4
Paix	4
MaoIaud	4
Roger	4
Sidi-Brahim	4
Peaudouche	4
Ath	4
Morocote	4
Goagires	4
Mionot	4
Mont-Vernon	4
Colibert	4
Id	4
Deux	4
Lazaret	4
Authie	4
AYK	4
Tuyen-Quan	4
Strasbourg	4
Enfln	4
Tay	4
Ruelle	4
Juan	4
Gatifjn	4
ChaumUre	4
Th	4
Moravie	4
Meyer	4
Klongkong	4
Moscou	4
Hartmann	4
Patrie	4
Jerusalem	4
Euro.	4
Krou	4
Volr	4
AtA	4
Flambart	4
Gribingui	4
Pharaon	4
Tilma	4
Roi	4
Frauee	4
Australie	4
Ce	4
Vendue	4
Rude	4
Amlriquo	4
Manllle	4
Cygne	4
Vienne	4
Portree	4
Tlrlande	4
RABOT	4
Thidalgo	4
Fontaine	4
Nubie	4
Pretoria	4
Campagne	4
Meunier	4
Vlllar	4
Delavigne	4
Nana	4
Est-ce	4
Vaillant	4
ClozeI	4
Berry	4
Ethiopie	4
Fort-Desaix	4
Treport	4
Hyde-Park	4
Roeville	4
Bak-Hap	4
Djokdja	4
Lecomte	4
Louvre	4
Kronboy	4
Pro	4
Mou	4
Malte	4
Dioumirou	4
Puget-Tbdnlers	4
Coligny	4
Poncet	4
Selllg	4
Poudnt	4
Sangha	4
Delaporto	4
Hague	4
Saint-Joseph	4
Colombie	4
Hydres	4
Faohoda	4
Mossl	4
Bah	4
Malu	4
Santerre	4
VOcdan	4
Argentine	4
Guelidi	4
Joie	4
Andelle	4
Tonkln	4
Rimini	4
Djouba	4
Sarantie	4
TOubangui	4
Dujardin	4
Hergenell	4
Charnay	4
Rhone	4
Pounso	4
Pacifique	4
Orne	4
Budling	4
Riptiblique	4
Annenkof	4
Saint-Jean-de-Maurfenne	4
Grand	4
Samana	4
Salnt-Jean	4
Unis	4
IanniSe	4
Aigle	4
Stephane	4
Sevres	4
Mai	4
Je	4
Perse	4
Koupchlne	4
Neukojim	4
Falaise	4
Morier	4
Lot	4
Tlnde	4
Moselle	4
Saint-Romain	4
Bona	3
Serravalle	3
Pardi	3
Tar-	3
Cyrano	3
Perez	3
Seine-	3
San-Marino	3
Boussingault	3
Vaulserre	3
Mesnil	3
Palermo	3
Urbino	3
SaintAndre	3
Moko	3
Ribaut	3
Carnotville	3
Haut-Cap	3
SaintGermain	3
Copenhague	3
Palais-figalite	3
Djokjokarta	3
Ba-	3
Moil	3
Tei	3
Plauchut	3
PerryCity	3
Mou-mousse	3
Boston	3
Makabendilou	3
Ta	3
Aeademie	3
Golfe	3
Yarayara	3
Punta-Espada	3
Personne	3
Atjeh	3
Plymouth	3
Bardalon	3
Novea	3
Gondokoro	3
Fernande	3
Lapostolle	3
Grenade	3
Geelwink	3
Narindra	3
VillaretJoyeuse	3
Bresll	3
Marat	3
Fatdherbe	3
Chan	3
Suffit	3
Contes	3
Font-Sanote	3
General	3
Toussaint	3
Corniche	3
Berne	3
Siagne	3
Lamolgnon	3
Pui	3
Jemmapes	3
Mes	3
Gaultier-Garguille	3
Iavait	3
Ollone	3
Ya	3
Rlchmond	3
Timage	3
Ces	3
Irlande	3
Europo	3
AbouBakar	3
Salnt-Marcellln	3
Madeleine	3
Chris	3
Toil	3
DfiPARTEMENTS	3
Tart	3
Pul	3
Hamilton	3
Galerie	3
Sees	3
Pagode-Sainte	3
Ventoux	3
Caucnsie	3
Franca	3
Seeker	3
Blran	3
Russle	3
Bresle	3
Spire	3
Lejean	3
Tem	3
Corse	3
Niger-Volta	3
Itouhoro	3
Rivieres	3
TEspagne	3
Congo-Oubangui-	3
Rothom	3
Fagulblne	3
Porto	3
Heias	3
Allahabad	3
Baguesse	3
Venezuela	3
Bassora	3
Para	3
Goa	3
Kasba	3
Enchastraye	3
Seoul	3
Clotilde	3
ElArich	3
Camdienne	3
Necrologie	3
TAmerique	3
SaintNicolas	3
Vimeu	3
Koa	3
Plaoide	3
Caboul	3
Matarem	3
Juillet	3
Tlmbres	3
Eh	3
Geronimo	3
Ne	3
TAsie	3
Maintenon	3
Ml	3
Epte	3
Vierge	3
Stir	3
Suite	3
Corday	3
Concours	3
bande	3
Palais-Egalite	3
Siam	3
Depart	3
Johannesburg	3
Solignao	3
GrAce	3
Sain	3
Algeria	3
Stendner	3
Tulipes	3
Meme	3
Mandjlas	3
Castillo	3
Philos	3
Lerins	3
Gourgues	3
Belle-Lsle	3
Orleans	3
Digro	3
Chaulnes	3
I'	3
Djockjokarta	3
Laeken	3
L'	3
Baouie	3
Hildegonde	3
Fingal	3
Dal	3
Beau	3
Turc	3
Cusputea	3
Corneille	3
Gatebois	3
Atlas	3
Gouarerpa	3
lignes	3
Sollgnac	3
Lea	3
Sou	3
Dltes	3
Fouta	3
Certes	3
DrOme	3
Sahlb	3
SociM	3
Sorgue	3
Troie	3
Targent	3
Comba	3
Marche	3
Alaska	3
Ewg	3
Ro-chemeuse	3
Bel	3
Angle-	3
Indians	3
Serre	3
Bray	3
Tori	3
Yacasse	3
Douo	3
Robespierre	3
Panama	3
Idgende	3
Prascovia	3
Bou	3
Conciergerie	3
Mada	3
Cha	3
Marquenterre	3
Horace	3
Oui	3
Anne	3
Thistoire	3
Io	3
Turcs	3
Afssa	3
Zlrknltz	3
Munich	3
Sardalgne	3
armee	3
Missouri	3
Mekong	3
Tortoroche	3
Sdoul	3
Rochomeuse	3
Pere	3
Ho	3
Highlands	3
Saint-Cyr	3
Peronne	3
Rosso	3
St	3
Trenton	3
GGnes	3
Slsteron	3
Avranches	3
Tendroit	3
Lmp	3
Apt	3
Mauldon	3
Bahia-Blanca	3
Irpa	3
Flamberge	3
Sulsse	3
Patjitan	3
Dia	3
Catalogne	3
TAfrique	3
Helas	3
Gauge	3
Ch	3
Bessarabie	3
Val	3
Graaf	3
rade	3
Perehe	3
Veffigie	3
Robine	3
Caroline	3
Voila	3
Salut	3
Brigaud	3
Montreuil-sur-Mer	3
Bicdtre	3
Soleil	3
Skye	3
Hong	3
Epoque	3
Tarty	3
Alaln	3
Duguesclin	3
Moustiers	3
Fa	3
Vite	3
Sienne	3
Colombo	3
VAfrique	3
Herault	3
Somerset	3
Pauvre	3
Pape	3
Sadne	3
Volga	3
Mont-Blanc	3
Tung-Tao	3
Billet	3
Aussl	3
Isolde	3
Saxe	3
Soleyman	3
Havana	3
Ro	3
Jai	3
Jaffa	3
Kordofan	3
Levant	3
Thebes	3
Bougainville	3
Westermann	3
Nez-de-Canard	3
Vauban	3
Smith	3
Yakoute	3
TEurope	3
Lesseps	3
Siva	3
Durand	3
Gdographie	3
Vatican	3
Chartres	3
Saint-Denis	3
Tentree	3
Couterne	3
DjayaWa	3
Pise	3
Addis-Ababa	3
IAsie	3
Durango	3
Tom	3
Madldou	3
Dumas	3
Egie	3
Toi	3
Louis	3
Cologne	3
Nevada	3
Beau-	3
Baltlque	3
Patna	3
Gascogne	3
Kodjaie	3
Oural	3
Pas-de-Calais	3
Amerlquo	3
Louviers	3
Grande-Bretagne	3
Cabourg	3
Brettes	3
Laigle	3
Terrier	3
Autriche	3
Bulgarie	3
Souris	3
Saint-L6	3
Bologne	3
Altona	3
Sahib	3
Boucle	3
Kn	3
Buttler-House	3
Piacide	3
Jeanne	3
Tamboura	3
Directoire	3
Nou	3
Rambouillet	3
Napoleon	3
Satama	3
Padirac	3
Royaume-Uni	3
1Amerique	3
Esterel	3
Scindiah	3
Werne	3
Makoungo	3
Grignan	3
Djaya	3
Marengo	3
Lui	3
Af	3
Cadet-Roussel	3
Perou	3
Mere	3
Atlantique	3
Residence	3
Garonne	3
Sierck	3
Apre	3
BlaisotI	3
Guinie	3
Colomb	3
Tindustrie	3
PAmerique	3
Guison-Tamba	3
Alexandre	3
Lebas	2
SaintMartin	2
Nodi	2
Blano	2
Lourdes	2
Pon	2
Frangais	2
Nommer	2
Tope	2
Charlie	2
Bretonnes	2
Thomme	2
Jtalie	2
Travail	2
Mancbe	2
Benninos	2
Talr	2
Tunique	2
Bakoro	2
Gtographie	2
Melpom	2
Teau	2
Brie	2
Adolphe	2
Sultan	2
Nouveau-Mecklembourg	2
Virginia	2
Daoudaet	2
Rlgoletto	2
Flahaut	2
Baujeu	2
Stranger	2
Baratier	2
Tre	2
Grand-	2
Behring	2
Combes	2
Bakote	2
Picardie	2
Tou	2
Mississipi	2
LUnicers	2
Excellence	2
Langrune	2
Barbicbon	2
Hoorn	2
Petltes	2
Highlanders	2
Algrie	2
Archinard	2
Void	2
Ouyantoun	2
Atlan	2
Niabley	2
Qtaes	2
Monk	2
Navar	2
Rpublique	2
Castille	2
Rio-Grande	2
Lrlande	2
Kong	2
LiSouen	2
Himalaya	2
Amsterdam	2
Montreuil	2
Ghrypsoll	2
Rocher	2
Malacca	2
Shakspeare	2
Wolfe	2
1Italie	2
Fabre	2
Borba	2
Gordes	2
Bermudes	2
Montevideo	2
Barcelona	2
Tombre	2
Ariane	2
Brlgnoles	2
Mrs.	2
Bandiagara	2
Titan	2
Carling	2
Marceau	2
Janvler	2
Ha	2
Massdnya	2
Gor	2
Alpes-	2
Cana	2
Saint-Chamas	2
Lahore	2
Kimbedi	2
Papier	2
Khar	2
Atres	2
Meneiik	2
Veto	2
Anjou	2
TAngleterre	2
Cher	2
Dipldme	2
Venaco	2
Giogra	2
Mars	2
Moresque	2
Gambetta	2
Croix-	2
Aire	2
Hie	2
Galilee	2
Est-co	2
Tinfortune	2
Mayence	2
Mohammed	2
Bavi	2
Belenia	2
Lieuvin	2
Jardin	2
Tais-toi	2
Rollin	2
EtatsUnis	2
Majesty	2
Washlngton	2
Toulouse	2
AngeL	2
Tres	2
Saint-Nicolas	2
Arlon	2
Santiago	2
Foureau-Lamy	2
Maadjl	2
Mals	2
Gap	2
Khalkbas	2
Vauoluse	2
Rangoun	2
Kenslngton	2
Angleterro	2
Attelage	2
Princesse-Alice	2
Caspienne	2
Ciscaucasie	2
Kieber	2
Diangobo	2
Quel	2
VoiUi	2
Menton	2
Deauville	2
Qoubbah	2
Itl	2
Frauenworth	2
Fleuve	2
Varangeville	2
Stockholm	2
Blbliothdquedu	2
Grenelle	2
Touran	2
Tou-	2
Jova	2
Wallln	2
Anglcterre	2
Bariguia	2
Anglaise	2
Lkbas	2
Saint-Le	2
Semio	2
Arioste	2
Flgaro	2
Ipitz	2
Lul	2
Lon-dres	2
Dlrectolre	2
Douvres	2
PortSaid	2
Nimporte	2
Marohand	2
Provi	2
Leberon	2
Dormezl	2
Morblhan	2
Guerlain	2
Mesnil-Saint-	2
Kamogawa	2
Muley-LsmaU	2
Nancy	2
Iarmde	2
Gas	2
Geographie	2
Renaissance	2
IEurope	2
Kaseh	2
Panthdon	2
Pagode-	2
Quarante	2
Seville	2
Serge	2
vivandire.des	2
Landes	2
Guinde	2
Fraipont	2
Avance	2
KhaKber	2
Monsleur	2
Tlle	2
Toula	2
Kedjourouan	2
Vaueluse	2
Patio	2
IWpublique	2
Saint-Sauveur	2
Novee	2
Bokou	2
Laury	2
Guyon	2
Karouma	2
Worms	2
Montreal	2
Camembert	2
Kansas	2
Miomandre	2
Bouc	2
Sald	2
Itre	2
Faites	2
Phllos	2
Cancale	2
Fondi	2
Toungaradougou	2
Colonne	2
Environ	2
Note	2
Xord	2
Khoumine	2
Gran	2
Ouron	2
DEPARTEMENTS	2
Guerre	2
Khoutou	2
Lautrec	2
Honda	2
Saint-Maclou	2
Tarbre	2
Gourounsl	2
Atouhoro	2
Aymon	2
Voil	2
Dar-	2
Dyea	2
Wyatt	2
Tohad	2
Rennes	2
Decken	2
Krishna	2
Irene	2
Desaix	2
Test	2
Gouarkarou	2
Rouge	2
Chre	2
Valladolid	2
Benawa	2
Afri	2
Saint-Ursin	2
Kt	2
Sikasso	2
TEure	2
Massdna	2
Chicago	2
Maghreb	2
POuest	2
Lazisa	2
Gdrardmer	2
Houlgate	2
POle	2
Sire	2
Medlterranee	2
Tocdan	2
Barajas	2
Terek	2
Richard	2
Vilaine	2
Rene	2
Sfa	2
Diablo	2
Crow	2
Tung-Dow	2
Encore	2
Lucciardi	2
Flic-Flao	2
Me	2
Vosges	2
Solell	2
Australle	2
Mossi	2
Comtat	2
route	2
Matarieh	2
Nll	2
Revo	2
Gave	2
Yellmane	2
Kremlin	2
Sainte-Gudule	2
Cham	2
Vence	2
SainteBarbe	2
Tarn	2
Cheval-	2
Mitidja	2
Pdle	2
Idvres	2
Lillers	2
Morphee	2
Malgaches	2
Montezuma	2
Kie	2
Janvier	2
Wagram	2
Thorn	2
Tiflis	2
Stre	2
Paracd	2
Yotoromarou	2
Fllo-Flao	2
Languedoc	2
Raheita	2
Boure	2
Superficie	2
Bourg	2
Borneo	2
Manehe	2
Bornou	2
Loudima	2
Mil	2
Perroquln	2
Sainte-Croix	2
Dji	2
Cour-ville	2
Aoh	2
Trinity	2
Agra	2
Tyrol	2
Andelys	2
Andromdde	2
Englisch	2
Gore	2
Argent	2
Balimoueke	2
Tunc	2
Shergotty	2
Saint-Miohel	2
Barbizon	2
Ainsi	2
Sinder	2
NoSl	2
Faille	2
Benao	2
Carte	2
Prusse	2
Quelle	2
Saint-Thomas	2
Bessin	2
Flambergo	2
Gerbold	2
NewYork	2
Elbe	2
Floride.	2
Mrouli	2
Tribu	2
Moi-meme	2
Objeotif	2
Krako	2
Cesar	2
Academie	2
Montguilhem	2
Cosaque	2
Desvres	2
Lennox	2
Arfakis	2
Jugurtha	2
Iheure	2
Ndrtie	2
Ounyoro	2
Qantes	2
Ver	2
Assouan	2
Jaune	2
Vaujuas	2
Greenwich	2
Bas	2
Arth	2
Gdnes	2
Crampel	2
Guin	2
Salem	2
Mlkado	2
Ailemands	2
Mou-	2
Alassane	2
Blkanel	2
Trdsor	2
Saint-Just	2
Saint-Huruge	2
Rio	2
Vail-	2
Petit	2
ToussaintLouver	2
Bac	2
Afriquo	2
Ame-	2
Chimilas	2
Amerlque	2
Damas	2
Olibo	2
Sotteville	2
Inutile	2
Margue	2
Glolre	2
Mlne	2
Far-West	2
Autrlohe	2
Saint-Etienne	2
Dolisie	2
IAcademie	2
Andes	2
Siberie	2
Mon	2
Rich	2
Pari	2
Anfosso	2
Villefranche	2
Rahelta	2
Sahel	2
Lagudrie	2
Sassandra	2
Sierra-Leone	2
Reserve	2
Quy	2
Kepublique	2
Loualaba	2
Quo	2
Nebraska	2
Rolandseck	2
Guam	2
Vernon	2
Tattaque	2
Zamb	2
Meursault	2
Basses-	2
El-A	2
Glographie	2
Bonanza	2
Photographie	2
PInde	2
*	2
Ame	2
Cavaillon	2
Simplon	2
Flendah	2
Baste	2
Iran	2
Ii	2
Plata	2
Garlbaldl	2
Kropatcheck	2
Gambie	2
Pieschis	2
Cid	2
Solignac	2
Diaphragme	2
Turenne	2
Mont-Thabor	2
Smithsonian	2
Foureau	2
Ohl	2
Medine	2
Basses	2
Yamalke	2
Nlger	2
Egypto	2
Nourrit	2
Paciflque	2
Kazanlik	2
Par	2
Tzar	2
Grabo	2
Tartyf	2
Braulot	2
Lastlo	2
Memnon	2
Bambara	2
Br	2
Tlnstitut	2
Abandon	2
Lou	2
Mataafa	2
Saint-Jean-dAcre	2
Bdhagle	2
Staffa	2
Bdthune	2
Lon	2
Partie	2
Rouvray	2
Chili	2
Couronne	2
Klon	2
Yang-	2
Staient	2
Marsellle	2
Sulte	2
Douera	2
Ldocadie	2
Yes	2
Zurich	2
Neanmoins	2
Yunnan	2
Hougll	2
SAnAgal	2
Yago	2
Suede	2
Amman	2
Borne	2
VEure	2
PandgiMaha	2
Hourdel	2
Saint-Petersbourg	2
Milan	2
Salisbury	2
Malstre	2
Agendo	2
Schweinfurth	2
Tissue	2
Thiers	2
Barbazan	2
Pologne	2
Resi-dence	2
Primatice	2
Manuel	2
Tung-Min	2
Tripolitaine	2
Anglals	2
Tarty-fume	2
Emergent	2
New	2
Kensington	2
Hong-Kong	2
TAtlantique	2
Poreon	2
Massenya	2
Alsace	2
Alsaco	2
Juin	2
Toreille	2
SaintMalo	2
Maine	2
Barakar	2
Ale	2
Stura	2
Josaphat	2
Cayeux	2
Nyanza	2
Saratow	2
Matadi	2
Bethune	2
Chrlstlanla	2
IAfrique	2
Shanghai	2
Mvoutan-Nzige	2
Teffigie	2
Espagno	2
Chlne	2
Nlce	2
Cauease	2
Lamanon	2
Bernard	2
Sdez	2
Olodio	2
Formigny	2
Daunou	2
Gu	2
Tumba	2
Eseoublet	2
Avicenne	2
Saint-Cloud	2
Let	2
Iendemain	2
Tivoli	2
IAngleterre	2
Naya	2
Worthing	2
Congrta	2
Digne	2
Tin	2
Djldjelll	2
Ripublique	2
Colla-Lunga	2
Lie	2
Fronde	2
Hy	2
Pendjab	2
Li-Souen	2
Lee	2
Vetites	2
Massa	2
Six	2
Etaples	2
ComoS	2
Ello	2
Pilgrim	2
Alexandria	2
aujourd'	2
Presque	2
Djerboub	2
Madjapahit	2
Doum-Doum	2
Phdtel	2
Ricriations	2
Papillon	2
Gouar-	2
Oudjidji	2
Livarot	2
Cas	2
YErmitage	2
Sidi-Okba	2
Occident	2
Achantis	2
Niams-Niams	2
Saint-Malo	2
Flo	2
Alexandrie	2
Cartayrade	2
Salnt-	2
Hongrio	2
Massena	2
Hon	2
Teuk-Li	2
Lucques	2
Tepee	2
Sixtine	2
Butte-des-	2
Frottd	2
Bonquart	2
Alio	2
Caton	2
Lachalnala	2
Lado	2
Nouvelle-Caiedonie	2
TOhio	2
Slo	2
Ourcq	2
Vandey	2
Paillon	2
Plaque	2
Peaux-Rouges	2
Rouwenzori	2
Ten-	2
Robbe	2
Rezonville	2
Quillebeuf	2
Gouandourou	2
Coquetterie	2
Franklin	2
Salomon	2
Hochemeuse	2
Sedan	2
Coutainville	2
Centre	2
Ma	2
Barblskoff	2
Godefroy	2
Charenton	2
Ed	2
Doullens	2
Malepaye	2
Tltalie	2
Brahma	2
Beranger	2
Trentinlan	2
Phabitude	2
Jk	2
Jd	2
Dioul	2
Logone	2
Bussie	2
Foix	2
Basse-Normandie	2
Was	2
Luberon	2
Cite	2
Californie	2
Idger	2
Hue	2
Utrecht	2
Gervais	2
Stapes	2
Samara	2
PARIS	2
Sidi-Brabim	2
LOrne	2
New-Dock	2
Blan	2
Bor	2
Gxos-	2
Verone	2
Quelquun	2
Autbie	2
Satan	2
Seguin	2
Sang	2
Biscaye	2
Moseou	2
Blwa	2
Lille	2
Mores	2
Home	2
Louisiane	2
Pensylvanie	2
Cabaflas	2
Salnt-Denls	2
Liotard	2
Arz	2
Ar	2
Flnlande	2
Pele	2
Gentil	2
Hautoye	2
Perl	2
Meschra-er-Rek	2
«	2
Mexique	2
Bamou	2
Comiai-	2
Yu-	2
Timbo	2
Atro	2
Birmingham	2
Riga	2
Enfer	2
Sainte-Chapelle	2
Ai	2
e.	2
Marlus	2
Contl	2
Piccadilly	2
Vendde	2
Coranderrk	2
Gil	2
Artols	2
Bondy	2
Ramnagar	2
NordOuest	2
President	2
Vitry	2
Jaime	2
Gros-Guillaume	2
Tceuvre	2
Fort	2
Bolivar	2
Paume	2
Ma-	2
Nos	2
Major	2
Nouvelle-Irlande	2
Potomao	2
Saint	2
Pieschers	2
Tofflcier	2
Itranglre	2
Caudebec	2
Pekin	2
Object	2
Massouah	2
Tunisie	2
Non	2
Impairs	2
Ndrie	2
Afr	2
Cnron	2
Mende	2
Crillon	2
Suis-moi	2
Benares	2
Reggio	2
Flamberga	2
Arabe	2
Tchinsourah	2
Luxem	2
Remettre	2
Lndes	2
Melbourne	2
Bonln	2
Orgon	2
YEspdrance	2
Lebrun	2
Dunkerque	2
SarankA-Mory	2
Hussie	2
Mandalay	2
Chiasso	2
Bleu	2
Oland	2
Sainte-Marguerite	2
Tassaillaient	1
Atincelantcs	1
DPABTSKBNTS.	1
Annonciade	1
Kabylio	1
AIsaee	1
VAchds	1
Borgo	1
1inquidtude	1
Don	1
Iat	1
Lafana	1
Ninh-Blnh	1
Villeneuve	1
Rtgototto	1
Lnutlle	1
Saloflso	1
Sdndgal	1
Tenceinte	1
Soit	1
Cache	1
Auzon	1
Charraeurdoiseaux	1
Varbre	1
Serrano	1
Llvignae	1
Lom-bay	1
Ivanouis	1
Retranchez	1
Wmpresslon	1
Forres	1
Filiach	1
Soyez	1
Kim	1
Saati	1
Attl	1
Mllord	1
Madja	1
Taiglo	1
Amls	1
Froment-Coste	1
Allia	1
I.iogo	1
Er	1
Avarayi	1
Bandol	1
Bclgique	1
Resistance	1
Helpei	1
Piiulc	1
Avait-il	1
Cafre	1
Bramaya	1
Exiles	1
Blesse	1
Sin	1
Mclegga	1
Flnmbergo	1
Bar-leDuc	1
Mombre	1
HlustrOe	1
Tunlque	1
Rolandseok	1
Mcreator	1
Eu	1
Monkstadt	1
Huyo	1
Tatteindre	1
Duoo	1
Boers	1
Stamboul	1
Xa	1
Bam	1
Machine	1
Fourcau-Lamy	1
Flam	1
Baudoln	1
Jl	1
Kussie	1
Maurepas	1
Hugues	1
Poukhan	1
Glenmoriston	1
Affaire	1
Tyrrhdnlenne	1
Pontvallain	1
Bagamoyo	1
Mdlibde	1
Tinibras	1
Tindicatlon	1
Soung	1
Saint-Sgpulcre	1
Brionne	1
MtHon	1
Loobat	1
Pri	1
Phdng-Yang	1
Haut-oubangul	1
Iettres	1
Fenlans	1
Cue	1
Touralne	1
PortCro	1
Marseilleoil	1
Fontaine-	1
Palan	1
Brazzavllle	1
Meroie	1
Basses-Pyrinles	1
Flae	1
Ourgaud	1
Beau-harnais	1
Diou	1
Loukouga	1
Tonuk	1
Valognes	1
Adieu	1
Kapoutcbirapon	1
YOctan	1
Jardm	1
Wte	1
Sufede	1
Avranchos	1
Occupes	1
Cza	1
Morales	1
Dou	1
ObjeoUf	1
Kakibbi	1
Tobsldlenne	1
Dillon	1
Bag	1
Millonnes	1
Sospel	1
Ripon	1
Republi	1
Pauaraa	1
Boue	1
Saint-Gilles	1
VInduatrie	1
Miiterrande	1
Batna	1
SUesio	1
Champ-de-Mars	1
Tattentionsureuxetde	1
Grand-Bassam	1
Moumouase	1
Une	1
ChoK	1
Alphon	1
Kit	1
Una	1
Baudoulo	1
Sivarha	1
Suppllees	1
Vlm-	1
A-frique	1
KlaIHV	1
Huit	1
Nerde	1
Santorin	1
Gluseppe	1
Insufflsante	1
Estella	1
Pessaro-Urbino	1
Aixpayedebelle	1
BSnarte	1
Tins-	1
Nouvelle-Catodonie	1
Xe	1
Arlstote	1
Prlcli-a	1
Hevellltat	1
France.	1
CongrH	1
Salnt-Ygest	1
Vincennes	1
Katina	1
Hercule	1
Boulacq	1
Suivent	1
Cbausey	1
Lon-	1
Pinertie	1
Uabah	1
Marti	1
Depperi	1
Carcassonne	1
Milon	1
TlCstrapade	1
Moghreb	1
Yola	1
Orthez	1
Intelligence	1
Ehl	1
Criel	1
Galotte	1
Isliugton	1
Haut-Oubangnl	1
AIgdrie	1
Orne-Infdrieure	1
Cuspitto	1
Balkans	1
Tlmmoblllte	1
Kouame-Fram	1
Exoepte	1
Hossinger	1
MeifHS	1
Clos-Georgeau	1
Ln-Salah	1
Saint-Auban	1
Bcosse	1
Pales	1
Cbiflao	1
Bir-el-Gharama	1
Dourgha	1
Floaberge	1
Banam	1
Slberlo	1
Actionne	1
Abeucbe	1
Ouvre	1
Hafal	1
Pleine	1
Frunoe	1
Tsareusiteh	1
Fo	1
Bardlnals	1
Hambye	1
Aucun	1
Pertuis	1
TArgent	1
Belglque	1
SainteMarthe	1
Tlnutlllt	1
BufTdt-Delttat	1
Gtymologies	1
SdeetlaSdlune	1
Tautenr	1
Rasiphe	1
Nicolo	1
Statue	1
Afridis	1
Lamuslque	1
Crecde	1
Gtroites	1
Citadelle	1
Saint-Vallier	1
Amboise	1
Amertque	1
Anterraony	1
Mgayalt	1
Uontloll	1
Soisy	1
Sldt-Youeouf	1
Bnux	1
TirAge	1
Tordinaire	1
Cawn-	1
YOcdan	1
Rafatila	1
Jaccepte	1
Hajiz	1
Montleon	1
Bandangi	1
Zobeld	1
Kasa	1
Aurong-Zeb	1
Frangalse	1
Hainaut	1
Murcie	1
Zug	1
VAnAzuAla	1
Tinvasion	1
Tincertitude	1
Midouze	1
Chassesaux	1
Manuelito	1
Alpes-Mavitimes	1
Peseha	1
Tunisia	1
Leipzig	1
RIgoletto	1
DolenE	1
Bresoia	1
Waast	1
Iaube	1
PAtyque	1
Akkas	1
DJiddah	1
Sdran	1
Taquarelle	1
Tenievaient	1
Catalogue	1
Krgbedjg	1
Thrace	1
Omsk	1
Manou	1
Krasnoyarsk	1
Berton	1
Diploma	1
Iourdement	1
Ik-bas	1
Germanie	1
Lacordaire	1
Welllngton	1
Blble	1
Trols-Couronnes	1
Sain-	1
Plimberge	1
Watteuu	1
Hesdin	1
EAUX-BORlfES	1
Mesopotamie	1
Landonnidre	1
Soyoz	1
Maurice	1
Griminum	1
TAiane	1
Sore	1
Haut-Oubangui	1
Gatlun	1
Mafoi	1
Lan-drin	1
Burgul	1
Merveilleuse	1
AsieVune	1
Gratitude	1
HeraultdeSechelles	1
Jie	1
Datura	1
Acoutez	1
l8ee	1
Jiu	1
Prix	1
TAbyssinie	1
Djk	1
Pommo	1
Deramls	1
Rlgolotlo	1
SAINT-POL	1
Taflreuse	1
Qhe	1
Troptardl	1
NavarFe	1
Framv	1
Cierici	1
RouWho	1
Barthdlemy	1
Ihdtel	1
Yellowstone	1
Martegallais	1
Pdcrire	1
Sidi-Kbeiif	1
Tud	1
Marlne	1
Donnezdono	1
Htcrtatlons	1
Chir	1
Navbuiib-Mirik	1
Uncorrup	1
Attoch	1
Tre-mel	1
Iuim	1
Chenedolle	1
Saene	1
Btekra	1
Ravi	1
Tinquidtude	1
Haut-Nil	1
Sad	1
Matelots	1
Ponts	1
Say	1
Blasoha	1
Plcca	1
Apereevoir	1
Surpris	1
VOoan	1
Uijjolelto	1
Dunes	1
Gttorgie	1
Adrlatlque	1
Avantune	1
Lrraouaddy	1
Marouyama	1
Gournay	1
Koupcblne	1
Considerezla	1
Capet	1
Iespierres	1
Tamine	1
Melgnan	1
Iazzi	1
Lagrudrie	1
L.nposlolto	1
Flemberge	1
Pheure	1
Mizony	1
Lennape	1
Jorquenay	1
Nloro	1
Beauvoisis	1
Samarkand	1
Snito	1
Pla	1
Rien	1
Boussa	1
Neultomm	1
Otumbo	1
Yvan	1
BanquedeLaw	1
Yvnn	1
Tavant-veille	1
Crlton	1
Jumi	1
Montdidier	1
Ciatancias	1
Petrovsk	1
Jesus	1
Chaussey	1
Crinobon	1
Danube	1
Mailloc	1
THindoustan	1
Entrezl	1
Bnars	1
Carpetum	1
Marcosal	1
Pasde	1
Hbene	1
Pendue	1
Yuii-Nan	1
Balbe	1
Launay	1
Ascenslon	1
Eoretuo	1
Singe	1
Tures	1
Assurement	1
Tchandra-Nagar	1
Fara	1
Mystro	1
Pdrlclte	1
Kqvch	1
Gondeb	1
Latouche	1
Saint-Nazaire	1
Ghasse	1
Kelemen	1
Mallerlo	1
Padresse	1
Nlnsistezpas	1
Condon	1
Abeu-che	1
Mahdi	1
Llaut-Oubangul	1
Chercher	1
Saint-Ceneri	1
Percenelge	1
Mansoura	1
Koup-chlne	1
Laposlo	1
Bleues	1
Wlslerabourg	1
Tavalanche	1
Ascaris	1
Pango-Pango	1
Vescorte	1
Bernieres	1
Btn	1
Tanger	1
Ilas	1
LoubUette	1
Mas-cara	1
Testhetique	1
Tautoritd	1
Ialangrotte	1
Raoul	1
HerviopeVJ	1
Testomao	1
Goulfe	1
Bruantj	1
Bengalo	1
Eufln	1
Gambaragara	1
Robin	1
Diego-Suarez	1
GuStrier	1
Ilombourg	1
Savuiii	1
Hants	1
Eiffel	1
Trois-Couronnea	1
Eseou	1
Caramba	1
Voiia	1
GhAt	1
UiUoo	1
Vdndtie	1
Tudiras	1
Cominia	1
Mcl	1
Theia-la-Divine	1
HSlas	1
Habta	1
Boussin	1
Tanana	1
Sennaar	1
Modtae	1
Jndiquor	1
Fllc-Khto	1
Geographte	1
Areadio	1
Iinddpendance	1
Yea	1
Bis-marck	1
Sdretti	1
Geriollos	1
SaintThaurin.	1
Genlis	1
IndoChine.	1
Stres	1
Bretteg	1
Chaloti	1
Pratique	1
Darjiling	1
Manzano	1
NouvelleCalddonie	1
Bailliagc	1
Heche	1
Cadix	1
Bithynie	1
Foa	1
Finistdre	1
Bonsolrl	1
Bbunoard	1
Eochemeuse	1
Dahr-el-Ghazal	1
Nirie	1
Otfogrophie	1
Sale	1
Nguyen	1
JoinviUe	1
Hypocrisie	1
Lmemmella	1
Ianimal	1
Tose	1
Saint-Vitale	1
Sidney	1
Vauto	1
FoureawLamy	1
Clyde	1
Sainte-G	1
Evoca	1
Rgnier	1
Jemesouviendrai	1
Hatina	1
Toukoro	1
Tinne	1
TOuost	1
Elbouf	1
Aisne	1
Ourmph	1
M.GASTONMAURV	1
Mobaye	1
Ques	1
Jan	1
Yaoassd	1
Toridj	1
A.six	1
Salles	1
Apris	1
Train	1
Joue	1
Narghine	1
Brdsil	1
MakouKra	1
Raaoalso	1
Culombic	1
Apennin	1
Larmurier-ortevre	1
Johuuy	1
Fermanville	1
Vllle	1
Ncrde	1
Horaoie	1
Tamricaine	1
Uosas	1
VouLBr	1
Loohiel	1
Beaor	1
Foy	1
Fiorentino	1
Amigo	1
VencotyU	1
TOceanie	1
Touques	1
Han	1
Rlo-	1
Monte-Carlo	1
Hay	1
Pluton	1
Abysslnes	1
Palestine	1
Porria	1
Chuuutlt	1
Tourzel	1
Teplc	1
Wallon	1
Iivrai	1
Arezzo	1
BorJonces	1
Mltlei	1
Darfour	1
Auloog	1
Changes-las	1
Gourounsi	1
Vaudrouil	1
Siguiri	1
Tentouraient	1
KhaXber	1
Sildsie	1
Ballade	1
Blksehe	1
Tesprit	1
Rattle	1
Gaudran	1
Surre	1
SBIMM	1
Balzac	1
Bouillois	1
Granger	1
Venlse	1
Portueuse	1
Compony	1
Jmsardqul	1
Dun-	1
Ciel	1
Malilal	1
Gomboe	1
Maillard	1
Beuceval	1
Salo	1
Deprat	1
Iiumiliantl	1
TAlsace	1
Mtciirljud	1
Lanoye	1
Fos	1
Saiut-Nicaise	1
PtJrl	1
Messlne	1
Sangla	1
Apouvanta	1
OfiPABTBKSNTS	1
BnF	1
Algerie-Tunisie	1
Sologne	1
Akyab	1
Monte-Vecchio	1
Brougham	1
Andrieux	1
Chignon	1
Stnangea	1
Au-rora	1
Niobe	1
Sirmio	1
Montrejeau	1
Antrim	1
Deja	1
Rlpubliquo	1
Ira	1
JJuJ	1
Dialogue	1
IHuisne	1
Projet	1
Togo	1
Itablie	1
Boy	1
Llbfah	1
Taimal	1
Icartl	1
Silnt-Piem	1
Tlaf	1
Tillumina	1
Beaune	1
Boa	1
Apres	1
TAuthie	1
FJamberfd	1
Domain	1
Missitou	1
Illor	1
El-Arioh	1
Beaucens	1
Ordonnanees	1
Thugs	1
Niagara	1
Prat	1
Mmdralre	1
Saint-Office	1
Dfgna	1
Phototype	1
Seine-In	1
Fdrddoiigouba	1
Gfographie	1
Atanne	1
Prai	1
LSpouse	1
Casou	1
Laqueuiile	1
Geeiwink	1
Mathieu	1
Paralt	1
Tacoustlque	1
Dieul	1
AwoPays	1
Klondylte	1
Aviser	1
Presqu'	1
Alssa	1
Ferchleuss	1
Saint-Barth	1
Franeeschi	1
Kouango	1
Mes-	1
Pelohaver	1
TAcaddmie	1
Accldent	1
Fraiioe	1
Montrcuil-sur-Mer	1
Djuya-Wuiiura	1
Saint-Josefh	1
Sacrifice	1
Bbllo	1
Signes	1
Giunee	1
Httdraire	1
Tameniezici	1
PontAudemer	1
Captain	1
Barn	1
Jeitatrix	1
Jarnlguel	1
LaSomme	1
Coulon	1
THelpe	1
Tournehem	1
Doufile	1
Gtre	1
Meyne	1
Tafilet	1
Ameriqtie	1
Mayoke	1
Samoy	1
Veiay	1
Lomenie	1
Sisteron	1
Abeuehe	1
Fourier	1
Ouabamade	1
Ggard	1
BSrar	1
Barrtoe	1
Roche-	1
Bongo-Mittou	1
DldIe	1
Yokohama	1
Kraton	1
Nanitcat	1
Mitylne	1
Liege	1
Polynteie	1
TAl-	1
Gilbert	1
JidHiU	1
Ispahanet	1
So-wowi	1
Beauharnais	1
Quest-ce	1
Salnt-Eiteane	1
Chevreusc	1
Tropique	1
Liefde	1
Chibert	1
Pestomao	1
Bakar	1
TiensI	1
Excentricltds	1
Provenee	1
Salklo	1
Isabello	1
Stan-ley	1
Faitescxcuse	1
Bikongo	1
AsletcommcBoN-	1
Ncakotnm	1
Manosljlle	1
Oa	1
Dix	1
Celle	1
Afrikan	1
Choufta-Dd	1
Salamanque	1
Cambronne	1
Europtan	1
Fontenoy	1
Modfcne	1
MichembM	1
Clte	1
PAngleterre	1
Douai	1
Liguo	1
Continue	1
Dakota	1
Ob	1
Yalftlerillo	1
Oi	1
Mississipl	1
Bibi	1
Bou-logne	1
Lfonidas	1
AIguillon	1
Hirth	1
Ocea-nlc	1
Ticao	1
Dieut	1
Ok	1
Homre	1
Apparemment	1
Marine	1
Neron	1
Oo	1
Sidi-Hamza	1
Oosffnad	1
Makoulra	1
Aougereuiles	1
Boussinganlt	1
Eux-raemes	1
Monarchies	1
Angeles	1
Paiserou	1
Potit-Andely	1
Persia	1
Croyozmoi	1
Pexigera	1
Manga	1
OuiI	1
Dyaya-Wanara	1
A.Michelln	1
Cdl	1
Vi	1
Vj	1
Vl	1
Vn	1
LaPerouso	1
CinprAc	1
Rdmich	1
Coquet	1
FougGrea	1
Maisoui	1
Normands	1
Blessures	1
Tincllne	1
Oukdrdoud	1
Orphto	1
Skyo	1
Gulrlandajo	1
Kouhtl-Polntuc	1
Potomac	1
Saiat-Joteph	1
Poflt-Uvlqtie	1
Lombok	1
Saint-Maurioe	1
Garcilaso	1
Heidelberg	1
Kake	1
Tapparente	1
Huveaune	1
Nidjo	1
Rusaie	1
Morrier	1
Bruxeiies	1
Lkl	1
Orampel	1
Oxercices	1
Pollet	1
Meilleraye	1
Lelmbe	1
SVamfcow	1
RlgoluUo	1
Hellade	1
Prl	1
June	1
Arc	1
Tchoutchoua	1
ICouban	1
Imaginez	1
Abbaye	1
Patln	1
Bgrar	1
Mahmoudieh	1
Cambrai	1
MedUerranee	1
Rigoletto	1
Ludgate-Hill	1
Pyrrhique	1
Ars	1
Suisje	1
Celui	1
Ar-	1
Llbertl	1
Venfanl	1
d4but	1
Cctto	1
Meuvka	1
XMmHMBRT	1
Toureille	1
Poullain	1
Dlcu	1
SSbastopol	1
Barclay	1
Commereo	1
Loonom	1
Lotjs	1
Fontainebleau	1
BHKT-HARTK	1
Sages	1
Maolna	1
Franc	1
Langouassis	1
Bracadc	1
Suleyman	1
Mddaille	1
Malabar	1
Devant	1
Sainte-Victoire	1
Vlbort	1
MHlon	1
Peyrollea	1
Benserade	1
Leverrier	1
Tioao	1
VOrtnoque	1
Itapes	1
Gtobatto	1
Dumtulm	1
Yonne	1
Hefus	1
Lautarct	1
Cassis	1
Ajac-	1
Torbiteful	1
Basile	1
Menou	1
Bloomeristes	1
Beeonde	1
SIdonle	1
Sydney	1
Whlstley	1
Tessaoua	1
Pamanga	1
Belle	1
Scaphandre	1
Bade	1
Lnde	1
Tartlllerle	1
Brdhat	1
DunwAno	1
Bocage	1
Cardi	1
Pont-rfiveque	1
VlwS	1
JnoquHIInrd	1
Lippershey	1
Roubdho	1
Emmenor	1
Bouddah	1
Pttydihimisies	1
Afviciue	1
Pirogue	1
Bongronrt	1
Voici	1
TAfriquecentrale	1
Bilencieuse	1
Conformes	1
Tokyo	1
Aures	1
Misere	1
Alencon	1
Lessepstillc	1
Vchsubie	1
Germanique	1
Tour-Carrie	1
Ouadi-Halfa	1
Floe	1
Lappat	1
UtC	1
Taller	1
FranQaisetaient	1
Mldl	1
Azengo	1
Puck	1
Mlller	1
Lepargner	1
Boltao	1
Klondyke	1
Hautes-Alpes	1
Vertumne	1
DeRotten	1
Montai	1
Taprdsmidi	1
Pardine	1
Mouta-Nzige	1
VAstrolabe	1
Bahamas	1
Erlvan	1
Guillaume	1
Flo-	1
Tobjectlf	1
Tikki-Tikki	1
Bidouse	1
Ieb	1
Sulnt-Ktlonne	1
Saint-Clair	1
Slsterou	1
Grlstlllan	1
Irikossa	1
Pomone	1
Pkix	1
Lumilre	1
Thostie	1
Vladikavkaz	1
Fuchoda	1
Fousan	1
Fran-klin	1
Roussin	1
Louisiana	1
Soerakarta	1
Hippo	1
Nertchlnsk	1
Nouvelle-Calddonie	1
Djama-Kebir	1
Ras-el-Ma	1
Petit-Audely	1
Phew	1
LopezSoarez	1
BerthedeVilliersJaspirantMeulan	1
CaeaUlon	1
Saint-Vaiery-en-Caux	1
Lpffre	1
Salat-EUenoe	1
Languedoo	1
Bivmanie	1
Plutarque	1
Caribert	1
Ide	1
IEpargne	1
Espayne	1
Ida	1
Driencourt	1
Smyrne	1
Patriokl	1
Hankeou	1
Abd-el-Kader	1
Idnergie	1
Montguilliem	1
Katorfja	1
Tarithmetique	1
Stilman	1
Flortel	1
Senegalais	1
Brague	1
Les	1
Acranrftes	1
Mahmou-	1
Irfso	1
Huanoa	1
Bassam	1
Kantara	1
Shakespeare	1
Godefroy-Caoaignac	1
Cchelle	1
Jusques	1
Rabab	1
Aufosso	1
Musde	1
LaSeine	1
Landau	1
Chabaneix	1
Inergie	1
Galildenne	1
Athdniennes	1
Croiraistu	1
Trun	1
Iogique	1
Huinckl	1
Cojeul	1
Koupchlno	1
Mctx	1
Caulon	1
Mores-ques	1
PygmOo	1
Espaune	1
Sont-ila	1
Foureatt-Lamy	1
Pin	1
Glro	1
Berenger	1
Seowibreck	1
Logoo	1
Bulou	1
Bicle	1
Retourne	1
Rohan	1
Dinger	1
Tad	1
Saint-Germainl	1
Seine-Inferieure	1
Douobe	1
Toulonnlers	1
Tao	1
Vauaaoiw	1
Comdlie	1
Raient	1
Lias	1
Cameron	1
Djodkjokarta	1
Callo	1
Sainte-Wal-	1
Norrao	1
Ouell	1
Icho	1
Villers	1
Evidence	1
Bottle	1
Foivz	1
Hulot	1
Vieques	1
Marius	1
Guibray	1
Lugano	1
Sitka	1
Montezumas	1
VUnloers	1
Lberon	1
Marle-Chrlstlne	1
Rennaise	1
Coree	1
Salesso	1
Brobdingnag	1
Mainte	1
Deinba	1
Norton	1
Mooitah	1
Tabsence	1
Sansdoute	1
Wichnou	1
Piques	1
Garda	1
Vlsite	1
Naser	1
Ltallc	1
Cie	1
VolrlenQekllO	1
Malade	1
Pdricles	1
YOcfan	1
Klll	1
Hogarth	1
Vill.eray	1
Plin	1
Manitou	1
Hbrviopbl	1
Possible	1
Pour	1
Nairn	1
Oplnlon	1
Haeha	1
Novorossyck	1
Andruick	1
Andres	1
Algihlle	1
Sortie	1
Tayeb-ben-Tayeb	1
Ut-bas	1
Andrei	1
AUez	1
Esoragnoles	1
Tannnnrlvo	1
Cusputtes	1
Tar-tyfume	1
FI.RC-FI.ag	1
Saumur	1
Cooper	1
Conner	1
WUllonnes	1
Halne	1
Vapporte	1
Noallles	1
Tallde	1
Aniata	1
Entendu	1
Vlte	1
Fachpda	1
Heuglin	1
Hambassade	1
JJtats-Unis	1
Tattltude	1
Grande-Ile	1
Sclllg	1
Maronne	1
Tchout-	1
Lapathie	1
Astre	1
Wettevreden	1
Jose	1
Tamboura.	1
Emin-pacha	1
Rie	1
Aboukir	1
Ln	1
TOrangerie	1
SaintJoseph	1
Amiral	1
Zurcker	1
Verl	1
Phyeng-An-Do	1
Sqrdaigne	1
Ld	1
Quand	1
Lin	1
Merv	1
Tinesthetique	1
Montpollier	1
Pomnledo	1
Energie	1
Asa	1
Protdgdpar	1
Hum-bert	1
Liz	1
Algdrlo	1
DalabM	1
Sarthe	1
LE	1
Houssillon	1
Censdc	1
D6ra	1
Dlablel	1
Itait	1
Crete	1
Assiou	1
Gothlc	1
Std	1
Dix-sept	1
Xeriden	1
Fatallah	1
Moreau-Vauthier	1
Lor.a	1
Gouteau	1
SOngal	1
Kail	1
Mro-	1
Niomba	1
Vsnieat	1
Cinna	1
TAnnani	1
Siul	1
P.-L.Char-	1
Airique	1
Alu	1
Alr	1
Grande-Brotagne	1
Tendroitod	1
Saint-Nico	1
MarsexIIais	1
Maire	1
Nouveau-Mecklem	1
Ursule	1
Pellnltz	1
Mouchy	1
Quejc	1
Horvlope	1
Surveillance	1
Bccuf	1
Imspitallure	1
Serpents	1
Trsor	1
Ntrie	1
Chanars	1
EdmondNeukomm	1
Jusquk	1
Saivat	1
Vecovia	1
Codle	1
Prudence	1
Tenleva	1
Maurcpaillis	1
Ntrde	1
Jach	1
De-vant	1
Aigrold	1
Saint-Omcr	1
Oufa	1
Alb	1
Doeouturcs	1
Babels	1
Marale	1
Lengre	1
Saint-Jean-dAn	1
Torigine	1
Dupleix	1
Nillo	1
Imlrlte	1
Manilie	1
Dispute	1
Haohelle	1
Salnt-Ktlenno	1
Rttssie	1
Bengalel	1
Tepio	1
VoronjeetTambow	1
Kouba	1
J.B	1
Laissez-moi	1
Ronnalse	1
Berviiio-sur-Mer	1
Sablonville	1
Loridres	1
Bhagle	1
Artois.	1
Flgulblne	1
Merlin	1
Galles	1
Aujourdbui	1
Chhlo	1
Tanthropophagie	1
Mahatsara	1
CrlCri	1
Grand-Vey	1
SaintWneri	1
FUcflao	1
Dreux	1
Mountousse	1
Corbie	1
Tanclenne	1
Pongo	1
Iaise	1
Sapristi	1
Chatma	1
GervdsilMalissol	1
Saint-Brides	1
Toml	1
Eura	1
Lejan	1
Ftambwgo	1
SaintGregoire	1
Brea	1
VOctian	1
Tomi	1
Grandier	1
L.npnRtolkl	1
Tape	1
Etcbmiadzin	1
LbildreSj	1
Emmela	1
Alexls	1
Kldorado	1
Moha	1
Abraham-Louis	1
IjSpagne	1
Lhospi	1
Llptako	1
MtmeUlaiBi	1
Vaiognes	1
Tagbelel	1
Ben-	1
Liou-Tcheou	1
FoitreaULamy	1
Saintes-Cha-	1
Ram-	1
VUnieers	1
Messine	1
Baltique	1
Meurent	1
Immamat	1
Llotard	1
Koaakry	1
Bfitsgard	1
Niam-Niam	1
Tapo	1
Sebastopol	1
Tindioa	1
Chlll	1
SaMajestd	1
Vinjonctkn	1
Linant-Bey	1
Verridres	1
Comply	1
Puisje	1
Kanem	1
Theatre	1
Glrondo	1
Francalso	1
Nijnll-Novgorod	1
Verdier	1
Limousin	1
Ohio	1
SaintrRdmy-en-Prnvenceflesajftmow	1
Neufeh	1
Iaisse	1
Lodi	1
Ligurie	1
Albert	1
Waillv	1
PaWh	1
Adriatique	1
Cathellneau	1
Qay	1
Philippo-le-Bel	1
Pho-cat	1
Svl-	1
Ctsspute	1
KUesupposa	1
KolaRadja	1
Poete	1
Mokho	1
Gouan	1
Tiensl	1
Uldol	1
Bischopsgate	1
Boadikrou	1
Gcrs	1
Frederico	1
Pac	1
Baptistdre	1
Granvllle	1
Pouvoir	1
Amtrlque	1
Bengaia	1
Parpalllon	1
Cueputea	1
Frillet	1
Colinmaillard	1
Denfert	1
Charleston	1
Thlrlon	1
Apoumenin	1
Alaloumana	1
Code	1
Bab-el-Mandeb	1
Moldavie	1
AcartAs	1
RerPras	1
Charles-Edouard	1
Iemm	1
Blrmunle	1
Chargeurs-ttuunis	1
Reconnalssance	1
Coudamnds	1
Sadi	1
Jalisco	1
Pembroke	1
Suit	1
Ldvres	1
Soui-fou	1
Taperce	1
Valais	1
Terracine	1
Conoours	1
Gulnee	1
Chinaman	1
Jehovah	1
Surety	1
Gakou	1
Rio-Negro	1
Houchard	1
Orieans	1
NouvelIeCytbre	1
Tlilonville	1
Saint-JoiipHT	1
Idcharpe	1
Ecribou	1
Taccompagner	1
AUe-	1
Gnosse	1
Deboute	1
Prise	1
Pugelois	1
Kingston	1
Lassarad	1
Montauban	1
Damergou	1
Cluh-Alpin	1
Pironne	1
Rlchard	1
Wight	1
Solnt-Etlenno	1
Paffaire	1
Eepagne	1
Dalhousie	1
Strips	1
Tremol	1
Ounyora	1
Ballybunion	1
Drao	1
Lumoltx	1
Millevoye	1
Kaclioda	1
Hervlotrat	1
Tespoir	1
Albuquerque	1
Bornv	1
Vaal	1
Saint-Lam	1
Xaintrailles	1
Iftmes	1
Tiuywiw	1
Corbal	1
MoiS	1
BertbeCourtots	1
Rambaud	1
Loudrcs	1
Saint-Joiaph	1
Plon	1
Troves	1
Meroe	1
Mcuso	1
Leon	1
Hor-	1
De-	1
Klondylto	1
Prfclla	1
Etqueveut-il	1
Tenergie	1
Abou-Ba	1
Stendant	1
Montague	1
Mila-	1
Harris	1
Counani	1
Ln-telllgence	1
Sibilly-IIallem	1
Mcouragement	1
Atchitou	1
Barbey	1
Rem	1
Nutrisco	1
Calre	1
Mailly	1
Bouge	1
Vallauris	1
Roobtfort	1
Agenda	1
Blondeau-An	1
Muse	1
Ctiiweiltf	1
Duo	1
Spoques	1
Char	1
Chas	1
Ensulte	1
Chat	1
Tonncm	1
Colombine	1
Faure	1
Faurb	1
Halle	1
Piereon	1
EAUB0NNE	1
Aeri-	1
Nouvelle-Guinee	1
Sovrano	1
Modta	1
Soulom	1
Budan	1
Kerlno	1
Tinkisso	1
Penche	1
Beaulieu	1
Penchg	1
Ivitaient	1
Uue	1
Istres	1
Marsportugais	1
Soudaii	1
Join	1
Journaux	1
Tefflgie	1
Kdratry	1
Barbaric	1
Exceutrioites	1
Matarich	1
OuadelaX	1
Oyaina	1
Loeb-na-Nuagh	1
TioBlat	1
Taltitude	1
Regardez	1
Gouraud	1
Cupputos	1
Montde-Marsan	1
Frwnce	1
Sties	1
Lei	1
Salnt-Petersbourg	1
Flamanviile	1
Mea	1
Mance	1
Men	1
Lntelllgent	1
Htgolotto	1
Charentonno	1
Djirgalantou	1
Halebl	1
Beauoaire	1
deolar6rent	1
Quiberville	1
Bhrttrs	1
Verrazano	1
Keoh	1
Vlndzutfiiennes	1
Vdrone	1
Yotre	1
Trfcor	1
Somalia	1
Amdriquo	1
Arohico	1
Blrch	1
Carthagne	1
Arques	1
Congo-Nil	1
Lata	1
Morts	1
Turonne	1
RigutwUo	1
Saint-Antoine	1
Souhalias	1
Touvrior	1
Etrange	1
Vosoul	1
Nacires	1
Herar	1
Morte	1
Amdriquc	1
Cllspulo	1
Agad	1
Es-coublet	1
Toriginalitd	1
Unz	1
ImageLBS	1
Surianciiiotti	1
CONCOURS.	1
Flaubert	1
Jou	1
Caston	1
Rochebrune	1
Plutarquo	1
Koffl	1
Ldrf	1
Oratoire	1
BrillatSfLvarln	1
Angouldme	1
Denls-Maligny	1
Noustrie	1
Temasslnln	1
AvU	1
Pittacus	1
Wlsby	1
Oneglia	1
JauifetendMre	1
Teucaly	1
Castle	1
DunwAitn	1
BasiUcata	1
Kayes	1
Mozambique	1
Fnulre	1
1accompagna	1
Erra-	1
Salnt-Acheul	1
Sainte-Amaran-	1
Aohlno	1
Courte-Heuse	1
Basse-Terre	1
Saint-DomingtotJeiO	1
BeaugenS	1
Maison-Blanche	1
Mont-Saint-Michel	1
San-Franclsco	1
Empte	1
TAutrlohe	1
Nl	1
No	1
Lolr-et-Chor	1
Tdtranger	1
Petrarque	1
SniaWoM	1
Prlctis	1
Mn	1
Novas	1
Nagoya	1
Iarahr	1
Fouque	1
Phldlas	1
Carton	1
Terre-Neuve	1
Tulm	1
FUC-FIQC	1
El-Arichet	1
Savenay	1
Albalat	1
Lg	1
Nivte	1
VJIIIers	1
Riom	1
Indo-Chine	1
Moutguilhom	1
MartaJng	1
Bobichon	1
Uhdne	1
Muteusitdrelatlveutentvigourettse	1
Doctrine	1
Consulat	1
BagouengouM	1
Berber	1
Unmagnifique	1
Galil	1
Halte	1
Bobiohon	1
Nicrologie	1
Griffly	1
Davies	1
Jungle	1
KI-Arlch	1
Algdrie	1
Sompl	1
Iesconte	1
Amrlque	1
Tassommer	1
P.BiudouIn	1
VIntendance	1
Centenaire	1
Amrlquo	1
Capree	1
Mottmousne	1
Nouvelle-Guinde	1
Mellhan	1
Gogolette	1
Mar-Zeb	1
Sauga	1
Balou	1
Iliade	1
Sandwich	1
WaUly	1
Independance	1
Qdaes	1
Llppl	1
Domastique	1
Mel-bourne	1
Yasne	1
Prenez-lal	1
Rodrigue	1
Pluatours	1
Washing	1
Grand-Couronne	1
Delhi	1
Crosnier	1
Bangotm	1
Aldrent	1
Danies	1
Bouzareah	1
Slam	1
Dis-moi	1
Brcf	1
Oubangulj	1
Monnier	1
Dolena	1
TinsdcuritA	1
Frauce	1
Bacine	1
CUmence	1
Andalousie	1
Mon-	1
Doyenne	1
Ille-et-Rafioe	1
Magellan	1
Odienne	1
Blanoiio	1
Beiges	1
Tespace	1
Idgdretd	1
Grosseto	1
Won	1
Rlo-Janelro	1
Uubriju	1
Cone	1
Ci-glt	1
MesnilSorel	1
Tlrlando	1
Hougli	1
Kldber	1
Tchoung-King	1
ENDANT	1
Jariayes	1
TOuelie	1
Tautomne	1
Houglt	1
Hesychius	1
Wun	1
Lairde	1
Sdgudla	1
Bousso	1
Aum	1
Canton	1
Yeilleuscs	1
Makotilra	1
Yakomas	1
Rafal	1
Juif	1
Iengagea	1
Kile	1
SOjiil	1
Mldonao	1
Angers	1
Botnle	1
Lnscrlptlon	1
Ossa	1
Chinoisreviendraient	1
Douro	1
Montferrat	1
TAunis	1
Palinods	1
DCparte	1
HeureusementquejesuisUi	1
Albert-fidouard	1
Lemaire	1
Haut-Oubangul	1
Libres	1
Trois	1
Xarch	1
Notre-Dame-de-Gr	1
Otmalno	1
SongbA	1
Tern-	1
Gardfa	1
Harcourt	1
Yamato	1
Buret.	1
Gran-ville	1
Dybowskl	1
Qiffard	1
Mda	1
Byron	1
Libdria	1
Sainte-Amaranthe	1
Pont-rEvfique	1
Tattente	1
Mtellerie	1
Do-	1
Tue-moi	1
Puisque	1
Bystdme	1
Bnssora	1
Bonoron	1
VAnnonciade	1
Tacclameraient	1
Mabodi	1
Virfcne	1
Peau	1
Taccpmpagner	1
Nagatakl	1
Peak	1
Tlmbres-laxe	1
Madras	1
Lmmlgratlon	1
Nemours	1
LouBOUSSENAUD	1
Flle-Flae	1
Kindja	1
Salnt-Hubertl	1
Kambombe	1
Covvo	1
Darnel	1
GSriolles	1
Rolaudseck	1
Au-	1
Angletorre	1
Lisieux	1
Alacc	1
Soleils	1
Eroaour	1
Mainoni	1
Hadramaout	1
Chapollo	1
Poaudouche	1
Brctagno	1
Coblentz	1
KlAber	1
Mouhiuusm	1
Esculape	1
Hnblletd	1
Tapproprier	1
Hoy	1
IWvtf-	1
Alep	1
Allons-y	1
DybowBkl	1
Mlzon	1
Terreui	1
Iarchdologie	1
Kildare	1
Parsis	1
Xormands	1
Estet	1
Hobine	1
Societt	1
Sud-Argenthi	1
Btalt	1
Bethieem	1
Desmanes	1
Society	1
Paraguay	1
Pfrudfcsir	1
MajaKuagy	1
Tamba	1
Americaine	1
BoboDioulassou	1
Tempesta	1
Brsttbs	1
Eppigoya	1
Pondlchdry	1
Dalmae	1
Modlflcatlon	1
Amies	1
YAlgkiras	1
Hind	1
Santa-Agata	1
Cosaques.	1
Itablirent	1
Noisseville	1
Thal-Tsa	1
Phflte	1
Antolne	1
Kerao	1
MKiicsj	1
Gcethe	1
Safnt-Huruge	1
Ptfrlelie	1
Anga	1
Malgre	1
Matarleh	1
Dante	1
Houche	1
Recueil	1
Salnt-Eileone	1
Masaniello	1
Avaient	1
Plnenu	1
Saint-Aubin	1
Marfalng	1
Exposltlon	1
Buech	1
Cairepour	1
Gaule	1
Tincendie	1
Doumelra	1
Bar-du-Bec	1
Fllo-riac	1
Iancieti	1
Gomorrbe	1
Cheval-Blano	1
Somalil	1
DfcPARTBHBNTS	1
Attaque	1
NDrys	1
Hector	1
TAy	1
Dlftpbragme	1
Saint-Sauveur-de-Chaulieu	1
Gquilibre	1
Throigne	1
Faris	1
VaI	1
Amara	1
Livourne	1
Roland	1
Levaesetir	1
Duratul	1
Kamo	1
Toumala	1
Saint-Nloaise	1
Daouda	1
Jetenprie	1
Sanglopee	1
Afrlquo	1
Afrlqua	1
EspagneCe	1
Andeliliena	1
Gorl	1
Kitonze	1
Keukomm	1
Domagnano	1
Knfln	1
Tinventaire	1
Talda	1
Kitchener	1
Tem-ple	1
Sdruenachetaitconrmelesautres	1
Kama	1
Picardio	1
Gosselln	1
Saiigha	1
Hottentot	1
Binyali	1
Cather	1
Dammarie	1
Talisman	1
Brienz	1
FUo-Flao	1
Kouen	1
Lourcine	1
Ktbiopie	1
Chdteou-Chtildott	1
Niafadie	1
Wyoming	1
Mche	1
Saint-Wulfran	1
VLinkers	1
SibSrie	1
Tescorte	1
Tby	1
Sauvdsl	1
Lougeor	1
Kouloultcliiro	1
Bercy	1
DfiPARTEWBNTS	1
Imprimerie	1
Frcdcrico	1
Lapostollo	1
Bagueres	1
Montlebert	1
Erythrte	1
Paillasse	1
Filature	1
Dugueselin	1
DeuxUmttArie	1
Mostapanem	1
Piwbtts	1
Bob	1
Ballou	1
SeineetOise	1
Pont-Audemer	1
JaNoGl	1
OtO	1
Horvlotl	1
Timportance	1
Aoex-voua	1
Salnt-fittenne	1
Sagit	1
Buivre	1
Luz	1
VittoriaNyassa	1
LesKatchass	1
Quanta	1
Contours	1
Redoute	1
Xpate-Giiato	1
Rebmann	1
Jos	1
Dleu	1
Luvo	1
Charing-Cross	1
Gerbert	1
DeYnba	1
Toscano	1
Iescorte	1
Job	1
Guillaume-Tellt	1
Saint-Germain	1
Molt	1
Salnt-Etlonne	1
Etnlgrde	1
Yexergue	1
Mdndlick	1
Afautflte	1
Parrifcre	1
Nodl	1
Surprlse	1
PftBJil	1
Offloe	1
Boudain	1
POusaraiuo	1
Arago	1
BellGme	1
NoyereuOuobe	1
Bras	1
Karthalinie	1
Tanclen	1
Ostende	1
Fontenay	1
Bea	1
Lagarde	1
Saint-Remy	1
Imparttalltl	1
Saturne	1
SainUGothard	1
Ldon	1
Mi	1
Pcnsylvaniil	1
Neubourg	1
Mt	1
Diankori	1
Morinie	1
Rlgolotto	1
Maouna	1
Ticfao	1
SBitfE-ft-oiSE	1
Jong	1
Bols-Dormant	1
Ioeil	1
Pourquoi	1
ISgendaire	1
Rocbemeuse	1
PLrlande	1
Extreme-Orient	1
Thornton	1
TAngletorro	1
Salnt-Etlenne	1
Laudrin	1
SaintSavin	1
Tacceptrent	1
YOUS	1
Alaverdy	1
Saraory	1
Taspect	1
Ouaddas	1
BaynolesdeVOrne	1
Busquet	1
DaprAs	1
Seine-lnfdrieure	1
Canaries	1
Enlevement	1
Ure	1
Brlgolle	1
Bel-levue	1
Mareelllaln	1
Barbarie	1
Veules	1
Eloigner	1
Blrmante	1
Qft	1
Baviire	1
Konigsherg	1
Forbes	1
Iarmfo	1
Cnstillans	1
Joffre	1
Oua	1
Telle	1
Ouf	1
Stage	1
Pasealine	1
Eapagne	1
Kitche	1
Maichon	1
Palla	1
Senlis	1
Tol-mAme	1
Dives	1
Iabat	1
Wittekindsberg	1
Ferrat	1
SBHB-A-OISB	1
Congo-Nil-Abyssinie	1
Mentlon	1
AndereWallln	1
Bakary	1
Atohe	1
Moriones	1
Baudelaire	1
Ouessebougou	1
Magenta	1
Pian-thsian	1
Righi	1
Sttphane	1
Cance	1
XAYELUEH-MABJB	1
VAtlas	1
Safnt-fitlenne	1
Enomoto	1
Ardres	1
Uimprimerie	1
Grano	1
Juttd	1
Lerrob	1
Kilmuir	1
Bicetre	1
Tour-	1
Manchester	1
Solterino	1
Mcxlco	1
Archiuurd	1
Pythdas	1
Toffieier	1
Loohaioalf	1
Superbe	1
Auprs	1
Bongo	1
Ramas	1
Amil	1
Sauves	1
Apaches	1
SaintServan	1
Jcanno	1
Rodney	1
Amis	1
Havine	1
W'	1
Cagnes	1
Tornese	1
WitUkindsberg	1
Wn.pam	1
Grenadiers	1
Rhodfote	1
Bottlcelll	1
Gassendi	1
Wallly	1
Cbevreuse	1
Verlnan-	1
Maroe	1
Sorbonne	1
Lescalado	1
Dlaphragms	1
Pygmto	1
Colombia	1
Oerolles	1
Kaohao	1
Marot	1
Caraf	1
Loiret	1
Moines	1
Voyczl	1
Jes	1
Sigebert	1
Boutin	1
Horloge	1
Hongrle	1
CbAteau-Gaillard	1
Hallue	1
Doumeirah	1
Tdmeute	1
OcOa-	1
Ulmann	1
Aubagne	1
Administra	1
TAlmamy	1
Atche	1
Atchd	1
Blidali	1
LUieux	1
Arend	1
Benctc	1
TOrient	1
Maracly	1
Sodorne	1
Saint-Vin	1
Nrde	1
Phlladelphie	1
Pruth	1
Jerusa	1
Canisy	1
Ker-Prox	1
VlnO	1
Nuvr	1
Moumouche	1
Sunnylands	1
11	1
DjayaYVanarn	1
Kerbela	1
Gependant	1
Nommez	1
Plennois	1
Coufldences	1
Aleuropdenne	1
Ah	1
Arcolo	1
Vexin	1
Flarabergo	1
Salnt-EUonnc	1
Portf-dtuteuu	1
IAbeuche	1
Hirochima	1
Pesehaver	1
Kin	1
Zber	1
Cluny	1
Ramal	1
Dive	1
Goundam	1
Vandales	1
Dceooutures	1
Soala-Nova	1
Fils	1
Stoile	1
Drouot	1
Estrada	1
Sainte-Radegonde	1
Marguerite	1
Ueux	1
Cbatlgny	1
Lceuore	1
Membra	1
TOucsfc	1
Honorius	1
Etirope	1
Brazzaot	1
Pdronne	1
Mozart	1
Bangoud	1
Rtcr	1
Celebes	1
Mrs.Claudia	1
Chez	1
Viro	1
Saint-JoJepK	1
Senozan	1
Portugais	1
Medicis	1
Gouvernante	1
2m	1
CtiHfcilti	1
Etceraonde	1
Lk-bas	1
Vlna	1
Chamba	1
Saparrat	1
Turkestan	1
Imis	1
Sdnt-Etieone	1
Autriche-Hongrie	1
Donloa	1
Voulct	1
Khalkha	1
Ioreille	1
SNNM-OISE	1
Jacquin	1
TOpera	1
Parbleul	1
Nem-	1
Alpreck	1
Octobre	1
Aille	1
HautOubangbi	1
CEAies	1
Kertch	1
Offenbach	1
Cow-Boy	1
Dubourg	1
Iossuaire	1
KVENING-NEWS	1
ChampdeMars	1
Aiuo	1
Celles-lk	1
Piuoon	1
Scbelle	1
Matcbon	1
Koup	1
Genlls	1
Cotirville	1
VVnicere	1
Iequel	1
Algerle	1
Paulo	1
Saklb	1
TAin	1
Porlclw	1
Ste-phane	1
Nuagcponssiirr	1
Jncquilllard	1
Bdlesme	1
Callimaque	1
IAdministrationsevoyanfcommenarguee	1
Gtebois	1
Loir	1
Ildlas	1
Roquebrune	1
Tadordcom-	1
Textreinite	1
Isubcllo	1
Tavaii	1
Taveuglaient	1
Laperrlne	1
SetungrosCega	1
Boro-Bire	1
Tantlque	1
Fey-thsian	1
Boukara	1
Bluuf	1
Haute-Normandie	1
Thcureuse	1
Idpoque	1
Fausso	1
Plaeide	1
Relizane	1
Babiu	1
Malheureuse	1
Dalou	1
Inoubliable	1
Coacalclte	1
Gom	1
Timproviste	1
IVeiJ	1
Hruxelles	1
God	1
Babelais	1
Colombier	1
Tennemi	1
Qogi	1
Massachu	1
Medrona	1
Herculede	1
Ju	1
Jw	1
Plunict	1
Ensuite	1
Ji	1
Puvrez	1
Gros	1
Rigoletlo	1
Jc	1
Calddonie	1
Bedford	1
Liberie	1
Bvrio	1
Tinstinot	1
Unies	1
Ninivo	1
Marcbata	1
Rebul	1
Notea	1
Grece	1
Caravane	1
Contests	1
Tenneml	1
Peine	1
Thdodorio	1
Hollar	1
Laisse-moi	1
PlamanJs	1
Dldler	1
AchevelAe	1
Saint-DomingueA	1
Norman-	1
Yaramouna	1
Kanbtie	1
Eolie	1
Betbune	1
Montebourg	1
Alengonrepondent	1
Est-ceque	1
Bating	1
Natal	1
Suito	1
Soclt	1
JA	1
Plasenda	1
Munis	1
Duraod	1
Salnt-Florent	1
Atfe	1
Seine-JnWrieure	1
Gtupatea	1
Telephone	1
GaupiUat	1
Lamoignon	1
Mascaron	1
Leclerc	1
Stafia	1
Lemottre	1
Leclero	1
Gare	1
Mandaragan	1
Mory	1
Non.	1
Ba-gulrml	1
Gentleman	1
Prote	1
Mort	1
Joseph	1
Neufch	1
Skayuay	1
Vichy	1
Ispahan	1
Neufcb	1
Arromanohes	1
Tordro	1
Chanteclairl	1
Iguaran	1
Claras	1
Tali-Fou	1
Bouzon	1
Bltlonne	1
VOmcDomfront	1
Jeleoroisaussl	1
Tdge	1
Porto-Rico	1
Tchinsou-	1
Tampico	1
Gcnsclemer	1
Charleroi	1
Pitlo	1
Lcxiqtie	1
Gulliver	1
Lbs	1
Dartmouth	1
Saint-AndrS	1
Mora	1
Thcsde	1
Type	1
Cle	1
Casslnl	1
Roa-	1
EDot	1
Saint-Gothard	1
Iidde	1
Dinard	1
Sen	1
Sairit-Domingue	1
Samba-Ly	1
FUo-Flae	1
Than-Hoaj	1
Ldnan	1
Sblouissaient	1
Mne	1
Ivambombe	1
Defiance	1
Faguibine	1
Fllls	1
I.declara	1
Laboulaye	1
Dijon	1
Antoine	1
Mendoza	1
sangl6e	1
Courgnin	1
Teffroi	1
Tocas	1
Saint-Lo	1
Padoue	1
Tomsk	1
Nonl	1
En.	1
Explique-toi	1
Bar-blohon	1
Mor-	1
Mu-	1
Mala	1
Teuez	1
Normandio	1
Bonrgdi	1
Neitkomm	1
Behagle	1
Vainous	1
Cafrerie	1
Kstrado	1
Blanc	1
Calabre	1
Pariols	1
Peffroyablo	1
JoseA	1
Cdleste	1
Tarchiduc	1
Con	1
Trajane	1
Oswego	1
Honnes	1
YAtlas	1
Hyeres	1
Selne	1
Phl-llpplnes	1
MasstSna	1
Pdnlgmo	1
SoUdati	1
Port-de-Bouc	1
Toua	1
Doum-Doura	1
Ouil	1
Sdville	1
BOULOGNE	1
BervillesurMer	1
Tautopsie	1
SirMorier	1
Gentll	1
Cdlesto	1
Iavoisinent	1
Plntcrroger	1
Bur-ton	1
Perlctos	1
Tim	1
Cusputet	1
Bosphore	1
Tlemoen	1
Konkoure	1
Babemba	1
Oorbln	1
DonlsMHgny	1
Valnest-Lolre	1
Djamarata	1
Bchlague	1
Guerlson	1
Yundxuela	1
Jenieek	1
Cor	1
Cou	1
Bujet	1
Pont-liJveque	1
Emplre	1
Arlequin	1
Ciotat	1
Ldgullletta	1
Aucunf	1
Peuhl	1
Ecosse	1
Laos	1
IOcdan	1
Dominique	1
Dan-Koun	1
Saintes	1
Iilonkong	1
MONTREtHL-SUR-MER	1
Ro-	1
Konban	1
Bahr-el-Ghazala	1
Gustingue	1
Colon	1
Massachusetts	1
Sakaline	1
Unartde	1
Clorinde	1
Pont-Lcccque	1
Russio	1
Boubresauta	1
Marderle	1
GuinAe	1
Chappede-	1
Cris	1
Bruel	1
Nor-mandie	1
Baudoto	1
Malabar-Hill	1
Trafalgar	1
Sninto-Luclo	1
Spouse	1
Joeil	1
Ait	1
Bangoudolo	1
Billy	1
Estdrel	1
Malberbe	1
Assnrtimeut	1
Vaul-	1
Saint-Honord	1
Alexandrio	1
Jacinthes	1
Edwige	1
Eoreua	1
Comod	1
Cusputee	1
Punlque	1
Laqueuillo	1
Senoussiya	1
Jouvenet	1
Ileureusemenfc	1
Tlmbm	1
Guosolin	1
Vewatllea	1
Bouaato	1
Rodolfo	1
Southampton	1
Jenedis.pas	1
Obi	1
Tarchitecture	1
Le.dimanche	1
Harder	1
Saint-Ri-	1
Baflng	1
Haoul	1
Phoebe	1
Sana	1
Naoigaieura	1
Mceurs	1
Lisleux	1
AlgtSrie	1
Park	1
Torit	1
Tauberglsto	1
Plamet	1
Pdtrone	1
Porellle	1
J'	1
Kiloa	1
Delmas	1
Burgoyne	1
Seerd	1
Apaules	1
Porte-Neuve	1
Krapf	1
Tair	1
Saint-Denis.	1
Sorgo	1
Barabras	1
Puis	1
ABOimsiiERTS	1
Montagnao	1
Dgokjokarta	1
Rfgototto	1
Cbaraiie	1
Ihomme	1
Premieres	1
GrandeBretagne	1
Tobscuritt	1
Campement	1
Abysslnie	1
Momtouilbjbm	1
Warfare	1
Touragan	1
Brown	1
Taou-Lang-Dao	1
Honin	1
Donne	1
Pui-seaux	1
Hurle	1
Anglafa	1
Carvajal	1
Kdunisdaus	1
Gprouve	1
Roi-helie	1
Garner	1
Pa-trlck	1
Kobe	1
Chimiias	1
Palals	1
Kalgiri	1
Seino-InlVJrieure	1
Nchoppe	1
Idchete	1
Cdto	1
Tidee	1
Precaire	1
Macaulay	1
Charity	1
Mellban	1
Dlgue	1
DtPARTHcms	1
Soanirano	1
Gufebres	1
HauteSatne	1
Hdlas	1
Msiumbiri	1
Nede-Canard	1
SEINB-A-OISE	1
Soclete	1
RhOne	1
TAtlas	1
Reforme	1
Goth	1
Wi	1
Ivanownaqui.	1
Sclndlah	1
Vaul	1
Cussct	1
Ballega	1
Koleda	1
Vergniaud	1
Pendj	1
Scapin	1
FHcFtoo	1
Meurka	1
Eurek	1
Amlrlque.	1
Ics-aisselles	1
Djaya-Wunara	1
NassifPacba	1
Lmposltlon	1
So-mali	1
Bratterea	1
Dlpldme	1
Cody	1
Ada	1
Hgne	1
Sene-gal	1
Josiphine	1
Yakoutsk	1
Tincomparable	1
Veulettes	1
Mouktla	1
Mar-cel	1
Macina	1
Colo	1
Gourbta	1
Tlntelllgenoe	1
Golgotha	1
Singuliereaventurel	1
Vrail	1
Iou	1
Rites	1
Saint-Didier	1
Invito	1
Iconomique	1
IIoKeou	1
Ioi	1
BSthune	1
Bolsa	1
Bardolino	1
Pas-trana	1
.70	1
Mlllo	1
Marlotte	1
Lombay	1
Saint-Achvu-.	1
Cupulas	1
Kairouan	1
Mineure	1
Benoue	1
Benoud	1
Musdum	1
TArmenie	1
Bidvres	1
Chglif	1
Plaute	1
Kabarouka	1
Dhoka	1
Salnt-OLon	1
Esp	1
Saint-Victor	1
Bient	1
Yun-Nan	1
Pont-au-Change	1
Judas	1
APilgrim	1
Stdphane	1
Mont-Dore	1
Venire	1
Jlado	1
Cltaient	1
Pttrel	1
Qrna	1
Bftlngaid	1
Assas	1
PfScole	1
Bottego	1
PangoPango	1
Judith	1
Yeso	1
Thabituelle	1
Frauoe	1
Tuerlei	1
Mutiie	1
Tne	1
Itouffaient	1
Tunis	1
Copplo	1
Montmorency	1
Ziber	1
Sou-	1
Ilalte	1
Qaient	1
Vfol	1
Dujardtn	1
Femme	1
Kriiger	1
Crlquetot-Lesneval	1
Iangue	1
Honneurs	1
SEWEToiSB	1
Sult	1
Auquel	1
Is	1
AliBeal	1
AI-	1
Ih	1
Ij	1
Rellde	1
Cuipute	1
Cochin-	1
Ic	1
Ib	1
Templet	1
Jeaune	1
Lbndfes	1
Antlbes	1
Moyen-Age	1
Apoque	1
Suint-Antoine	1
Bayeux	1
AUada	1
Saint-Apoilinaire	1
Seuls	1
Peaudouchfe	1
Vdpreuvo	1
Dinguiray	1
Torche	1
Chart	1
Delawares	1
Dana	1
Buitenzorg	1
VWVMWMlnfiniMVlAAIUVUUllUlJUinjllUUUUUlM	1
Komagne	1
Palembert	1
San-Mar-	1
Bdhaylo	1
Gerardmer	1
Panne	1
Mdduse	1
Sohouwea	1
Sous	1
Zend-	1
Schapper	1
Epana	1
Tinterrndde	1
Repondsl	1
Itran-	1
Vigy	1
VHymne	1
VAra	1
Is-lington	1
Cinquantelouis	1
Tamariner	1
AngoL	1
Bouches-du-Rhdne	1
Flambsrque	1
Mentations	1
Benedictine	1
Pie	1
Ilaut-Cap	1
Blondenu-Andres	1
SaintSauveur	1
Kerstnan	1
Monastlr	1
Pdcharpe	1
Igard	1
Saint-Etlonne	1
Dawson-Clty	1
Gou	1
Chnqtie	1
Mwc	1
Pacy	1
Bugnon	1
Pavie	1
Angletcrro	1
Liane	1
Pavia	1
Jallai	1
Roguedas	1
SongtaVoy	1
Gil-berte	1
Himbazi	1
Jete	1
Pigment	1
Saint-Cdnery	1
Etoiie	1
Crois-le	1
Demolselle	1
Daneniark	1
Esonville	1
Madritum	1
Pin-	1
VArt	1
Magulre	1
Iune	1
Autriohe-Este	1
Su	1
Gerlache	1
SaintMiohel	1
Sy	1
GTant	1
Irille	1
Schooners	1
Blgoletto	1
Nouvelle-Bretagne	1
Sw	1
Ik-	1
Sk	1
Qatangas	1
Mcher	1
Si	1
Sl	1
Tahaklm	1
Timita	1
Viatka	1
MartiyauXy	1
Avlt	1
Martial	1
Arable	1
Pftques	1
Jenreponds	1
SaintAntoIoe	1
Blaphragme	1
Brdtigny	1
Han-KaY	1
Montenotte	1
Foulbe	1
Flo-rence	1
Missisi	1
CnspuU-s	1
Benouti	1
Doudklre	1
Toy	1
Parish	1
Puuvre	1
Tol	1
Sud-Amdrique	1
Carvin	1
Wjtun	1
Touruai	1
Etats-Jala	1
Mexlquo	1
Mancho	1
Ddroute	1
Elephantine	1
Sabrany-Lor	1
Matin	1
Goulfdl	1
Saint-Pdtersbourg	1
SoclcUe	1
Peroz	1
Armes	1
Cassins	1
Comme	1
MonDleu	1
Saint-DdhiitigUe	1
Vdldgance	1
EearteW	1
Neuilly	1
Phorizon	1
Uene	1
Ocn	1
Snmana	1
Cordoue	1
Nikko	1
Nikkl	1
Tarmac	1
Chaque	1
Nord-	1
Saint-Elie	1
Chanolne	1
Porrochon-Lagarrlgue	1
Temoln	1
Kuro-Livo	1
Souleyman	1
Norv	1
VVnlcers	1
Laprlncesse	1
Nouvelle-Guinto	1
Grundmaus	1
Berck	1
Prlnce	1
Hommes	1
Clermont-Ferrand	1
Tenveloppe	1
ANKi	1
Siinona	1
Omi	1
Palangrotto	1
Perohe	1
Gll	1
Croyez-moi	1
Calaisls	1
Aveugle	1
Poroon	1
VemUleej	1
Puls	1
Quelies	1
Blai	1
Brail	1
Criqueiotoie	1
Majestd	1
Euoore	1
Tondc	1
Oatrot	1
Nldjo	1
Bleonne	1
Ua	1
YEsptrance	1
Bleonno	1
Alpines	1
Toulonnals	1
Long-Tcheou	1
Alexundrie	1
Sgal	1
Llaut-Yukon	1
Cathedralo	1
CastUto	1
Tohen-tou	1
Mecque	1
Ker-Pr.ix	1
Kara	1
Natt-	1
Satat-EUenne	1
Alslkasso	1
Ei-Arich	1
Llran	1
Criinde	1
StrangSre	1
Da	1
Salnt-fitlenne	1
Jaguar	1
Gozobangui	1
Blrmanlel	1
Fernando	1
Berart	1
VAcaddmicicn	1
Navap	1
Perrol	1
Tensi.	1
Grimaud	1
M-os	1
Laplene	1
Coffiniftres	1
Godras	1
Mtivier	1
Partagas	1
Semlo	1
Cnsputcs	1
Rendre	1
Patagones	1
Guillen	1
Colleraine	1
Korea	1
Poredaka	1
AleurthetrAToseUe	1
Uz	1
Bdcrdations	1
Tlndustrie	1
TAmar-Kraddhou	1
Pontchartraln	1
Tosaient	1
Texpedi	1
Roehemeuse	1
Arcoie	1
Strilloni	1
Affreuse	1
Ruse	1
Jemeek	1
Hussle	1
Armdnie	1
Kakhetie	1
Uae	1
Roehas	1
Uh	1
Hancock	1
Calavon	1
Aucontraire	1
Vendroit	1
Grande-Place	1
VAIgdrie	1
Tannic	1
Buffnlo	1
Dt	1
Rtorfatione	1
Khalifa	1
Bonnie	1
Sakhaoul	1
Resi	1
Iiufortune	1
Martiniere	1
Mariannes	1
CongofraiiQais	1
ParnnJo	1
Hoehe	1
Gdtebois	1
Fllc-Kluc	1
BasseNorman	1
Metz	1
Itfl	1
Montgom	1
Vec-	1
Vaucelles	1
Quebec	1
Pirtelte	1
Quebeo	1
Grand-Andoly	1
Lob	1
Solferino	1
Tobstacie	1
Croirait-on	1
LopeeloUo	1
Lom	1
Lop	1
Descendez	1
PierreAiglin	1
Auber	1
Constantlno	1
Lesoure	1
Margolie	1
Enqueter	1
BaOng	1
Coto	1
Livrde	1
Chimiyou	1
Faringhia	1
Chausstie	1
Tiede	1
Lisboooe	1
Hlrano	1
Apis	1
Mapa-Grande	1
Surlanville	1
Teternelle	1
Abengourou	1
M.HEKRI	1
Mzab	1
Tarttrumo	1
Tho	1
Segnatasse	1
Tindolenee	1
Crotoy	1
Flnlulloro	1
SaintPere	1
Yeul	1
Chesi	1
Jug	1
Falr	1
Sz	1
Fonda	1
Grlbln	1
Lien-Tsi	1
Gudlidi	1
Pourville	1
Fiston	1
Gensan	1
Pile	1
Saint-Ldonard	1
Roncherolles-en-Bray	1
Franoo	1
Abouliaknr	1
Valmy	1
Boghen	1
Miguelete	1
Tlnstttut	1
Kaliylio	1
Ittcrtations	1
Rejou	1
Boundlba	1
Colmar	1
Salnt-Martln	1
Afeli	1
Moeurs	1
Meurth	1
Tanecdote	1
Elguetta	1
Hourst	1
Tory	1
Vengeonsle	1
Cannes	1
Sachcz	1
Hourso	1
Republiquo	1
Castelfidardo	1
Fouquier-Tinville	1
Pilrtw	1
Octian	1
BabAzurn	1
Bouzarah	1
Mougne	1
Dragon	1
Marchenoir	1
Voili	1
h6tel	1
Bleone	1
Larchc	1
Oueila	1
Her-vlopel	1
Emportez-la	1
Bona-parte	1
Madecali	1
Kaiorrja	1
Peiroh	1
Djaggernauth	1
Saint-Etibnnb	1
Ouelie	1
Slid	1
Monguilhem	1
Passy	1
Slots	1
Prague	1
Fil-en-Soie	1
Tanclon	1
FougSres	1
Syra	1
Rigua	1
Saint-Hono-	1
Gtait	1
Taghelel	1
Pennabile	1
Wcond	1
FIinibepgo	1
Allez-y	1
Dagobert	1
Fode	1
Aizier	1
Syrie.	1
Asiatiques	1
Herculanum	1
Dlkanel	1
Molitoe	1
Vegtae	1
Forges-les-Eaux	1
YlZloilePo	1
Allomagne	1
Carafa	1
Nakamoura	1
Trappes	1
BaU	1
GuAtrier	1
Etoile	1
Filensoie	1
Hardouin-Harasse	1
Jendcmaiii	1
Vedas	1
Prove	1
Ian	1
Rooher-de-la-Liberte	1
GSrardmer	1
Upmann	1
PliRlClia	1
Hibouxl	1
Vy	1
Cornba	1
Bongraod	1
Mathurin	1
PARLS	1
Boulaq	1
T-ILJCOMBIENTHAKAMBANAVAITDEFEMMES	1
Chtfeou-Chdleou	1
Impossible	1
Rassie	1
Iliistoire	1
Marbeok	1
Salgon	1
Za-gnanado	1
Sauf	1
Mtlrafa	1
Sapogne	1
Ouagadougou	1
Gefaft	1
Plle	1
Matebond	1
Voioi	1
Plonge	1
Tare	1
Genevieve	1
SttUt	1
Pfirtofea	1
Rigolello	1
Kourd	1
Saint-Raphael	1
Chinampas	1
Mgeta	1
A.Pilgrim.	1
Ilndo-Chine	1
Barbaroux	1
Nha-Trangqul	1
Olse	1
KlHar	1
Posslble	1
PONT-AUDEMER	1
Barjols	1
Bengalc	1
Ia-	1
Tro-mard	1
Types	1
Tamere-garde	1
Afriquel	1
Babr-el-Gbazal	1
Annoneiade	1
Amienois	1
Castellane	1
Nabae	1
Castellano	1
BARCELONNETTE	1
Conseil	1
Alda	1
Grfcce	1
Matemango	1
Yiandes	1
JWoufa	1
Tyburn	1
MtsSusie	1
Ameraude	1
Brlgaud	1
Narlndra	1
Saint-Afarin	1
Rich-mond	1
Paulban	1
Slnnor	1
Francois-Joseph	1
Franeals	1
Marseilles	1
Normaudie	1
Ounyamoudsi	1
Kranco	1
Ul	1
Un	1
Ui	1
Ue	1
Ug	1
YHamada	1
Uc	1
Afeurthe	1
Garibaldi	1
Cosaques	1
Valcheren	1
Nivelles	1
Rlgnlello	1
Boire	1
Ennemls	1
Saint-Sau	1
Haye	1
Hulnk	1
Jour	1
Intrdpide	1
Vire-et-Taute	1
Ogooue	1
Uyara	1
Ttnochtitlan	1
Laqueullle	1
Ourgo	1
Castelkme	1
Brettee	1
Boron	1
Manzan	1
Noffl	1
Dlablo	1
Forcalquler	1
Afri-	1
Sitorle	1
Morgan	1
Tap-	1
Karia	1
Rapotzki	1
Neulcomin	1
Grande-lie	1
Tervanne	1
Labsolue	1
Albret	1
Etbiopie	1
Geneve	1
YRtlvn	1
Lettre	1
SaintLouis	1
Mobarsa	1
Croyezvoug	1
Lahou	1
Autri-	1
Malals	1
Bonfleur	1
Ravent	1
Bachellerie	1
Allo	1
Ordonnc	1
Afrit	1
Bongrtnd	1
Mancenille	1
Flobert	1
Ombrle	1
Bulabano	1
Carnavalet	1
Crotoiie	1
Iestement	1
Toeil	1
Uu	1
Ten-nessee	1
Phantasmagoria	1
Havi	1
Bawora	1
Rvolateur	1
Ik-has	1
AndrIes	1
Palabres	1
Tarty-	1
Valnou	1
Argentina	1
Louvel	1
Voilk	1
Tattitude	1
Be	1
Bellevue	1
Kandi	1
Ousagara	1
Bo	1
Bi	1
Bk	1
Grecs	1
Tournaii	1
Vignole	1
Volta	1
Kaehoda	1
Salonais	1
Gaeto	1
Sainory	1
Pecalie	1
Bongealt	1
Moumoime	1
Espfere	1
Haute-figypte	1
Carnaval	1
Ctitii	1
SaintVictor	1
Belle-Ile-en-mer	1
Sanga	1
Burdouan	1
Batersea	1
Comite	1
Iestanoia	1
Ntlrie	1
Iroquois	1
Crfcte	1
Bahr-el-Arab	1
VOctan	1
Moral	1
Hepublique	1
OExtrlme-Orient	1
EurdjKj	1
Cingetorix	1
PgttMoilM	1
Barth	1
Saint-Vaiery-sur-Somme	1
Toute	1
Salnt-Etienna	1
Bergane	1
SOUB-prefectures	1
U'	1
Rigo	1
Daillours	1
Vlonnoiso	1
Molldre	1
Louls-Phlllppe	1
Sobrany-Lor	1
Sallenelles	1
Itat	1
Bouohes-du-Rhdne	1
Tourane	1
Ponkhan	1
Hebert.	1
Carpetania	1
Sul	1
Folie	1
Mrouri	1
Qk	1
Saint-Georges	1
Tlsoar	1
Forcalquier	1
l793	1
Amdrlque	1
Parent	1
IndoChinc.	1
Tarouayoupana	1
U-bas	1
Qn	1
Karao-Kamba	1
Ldzardieux	1
Offrent	1
ReertotlollSj	1
Uger	1
Tuoonnaismon	1
Semliki	1
Paellique.	1
Cbarl	1
Prisou-	1
Ootan	1
Pemporte	1
Stofflet	1
Yauto	1
Haohem	1
Fraternity	1
Timgad	1
Djemmfla	1
FHo-Flac	1
Charlotte	1
Pilc-Flao	1
JoJl	1
Yaille	1
Tabri	1
JhtJorl	1
Sauvez-la	1
Bonhoure	1
Eaelaogo	1
Zagnanado	1
Bonne	1
Karlsfl	1
Kayos	1
IMcrfotiona	1
Bagnoles	1
Koupohine	1
Agores	1
Saint-Sauveur-do-Chau-	1
Buona	1
Canut	1
Bonin	1
Haut-Dahomey	1
Nol	1
Combat	1
BenoitXII	1
Hanxbourg	1
Guliert	1
Ilolda	1
Contreval	1
Tourlontas	1
Mizon	1
Marsay	1
Lndlen	1
Touohaou	1
Aurigny	1
Eugfrne	1
Smeraude	1
Lonlenne	1
Pru-dence	1
Lacioix	1
Uqulde	1
Holopherne	1
Stepbane	1
Armandvillo	1
Chiesanova	1
Nouvelle-Calidonie	1
BuenosAyres	1
Benetuser	1
Ltallon	1
Hardi	1
Scesoekcenan	1
Mansard	1
Palr	1
Btertations	1
Jean-Louis	1
Bombarderaent	1
Palo	1
Iiondoukou	1
Hards	1
Nows	1
Ichangeaient	1
TAutrichienne	1
Cayenne	1
Pas-de-CaOtis	1
Huitzilopochtli	1
Contez-la-moi	1
Hud	1
Prlelto	1
Anient	1
Fdiiheroe	1
R.Colombo	1
Analostan	1
Barcelonnptte	1
Fouta-Djallon	1
Thouars	1
Rlo	1
Russleavco	1
Brotonne	1
Astrakan	1
Hohenzollcrn	1
Tebad	1
Djihanguyr	1
Ateul	1
Aulnay	1
Picar-	1
Tiers	1
Jilin	1
White-Chapel	1
Imer	1
Rodesberg	1
Taillebourg	1
See-Chouan	1
Acquaviva	1
Sans-le-Soul	1
Forel	1
Yilleray	1
Ctuiclie.	1
Saba	1
Couthon	1
Car	1
Coquine	1
Escou	1
Wgende	1
Montmo-rency	1
Chazaliel	1
Vailemande	1
Juarehant	1
Ault	1
Diaphragm	1
Auxi-le-Chdteau	1
Lrlando	1
Ceflt	1
Vologne	1
Prlsche-Keh-	1
Rivifcre	1
Sans-Ie-Sou	1
Mirabeau	1
Amazone	1
Chavagniac	1
Kitta	1
Garcia	1
VlJalne	1
Roo	1
IgouraraY	1
Riez	1
Roc	1
Latpuche	1
Mos	1
Basoho	1
Dansig	1
Thyglunlsto	1
Rot	1
Katieh	1
Eli	1
Djaya-Warnara	1
Tartaric	1
Pltum-J	1
Ilamun-al-Haschid	1
BOnoue	1
Trinidad	1
Chinampasdtaientcres	1
Norman	1
Bel-	1
Larrey	1
Ty	1
Monnaie	1
Avi-	1
Tarente	1
Vannei	1
Tonnerre	1
IArarat	1
Corniaou	1
Aoadlnie	1
Cock	1
VII.	1
Aa	1
Bclglque	1
Ab	1
Vlenne	1
Mahmoudleh	1
An	1
Mbazd	1
Goua	1
Phlllppe	1
Carillon	1
Tlg-od-Plp	1
Git	1
Dlaguissa	1
Leolero	1
Caporal	1
Manobe	1
Toumodi	1
Espdrez	1
IVigo	1
To	1
Bushmills	1
Topinlon	1
SaintDenis	1
Tb	1
Cni	1
IMthune	1
Mflgie	1
Hrraouaddy	1
Belldme	1
A-	1
Roya	1
Ya-casse	1
Getorix	1
Laguna	1
Dueli	1
Ddveloppomiot	1
Lutte	1
Rollon	1
Lena	1
Fribourg	1
Bac-NINH	1
Vaffreuoa	1
Slx-Fours	1
Cetaient	1
Magnifique	1
Valre	1
Narbonne	1
Texacte	1
Chantre	1
Viala	1
Gorans	1
PjUicLfes	1
Iii-bas	1
Popayau	1
PAlger	1
Baby	1
Kingsburgh	1
Malitoa	1
Comity	1
Aiengon	1
Faudra	1
Teioquenco	1
Tombereau	1
Como	1
Boucbet-du-H	1
Belgiqued	1
VAbbaye	1
Crevaua	1
Hude	1
Yvetot	1
Rastafiol	1
Intdressantes	1
PrU	1
El-Kanthara	1
Gabon	1
Can	1
Nuvar	1
Crtoy	1
Saint-Raphadl	1
Phorlxon	1
SeMeior	1
Domiuique	1
MAYNE-RRID	1
Breton	1
Autre	1
TancrWe	1
Chinialhuacan	1
Cordlllere	1
Gupute	1
Comitd	1
Execute	1
Ananfa	1
Burdwan	1
Tindustrio	1
Omde-Bretagne	1
Iapr	1
Ka	1
SISgante	1
Mownottste	1
Brrr	1
TlScolo	1
Brdsll	1
Varennes	1
EvreuX	1
Anergiques	1
Donthoumi	1
El-Djdzalr	1
Italians	1
Souvenlr	1
Jelai	1
Corlnthe	1
Lozre	1
Vlse	1
Itrangdre	1
Bahr-El-Ghazal	1
Ttrn	1
Bandlagara	1
Khoumino	1
Fiore	1
Seules	1
Meiohra	1
VApocalypse.	1
Hyde	1
Ramaetnousvoioil	1
Condiao	1
Divine	1
Gonz	1
Ordnoque	1
Tinfirmerie	1
Thuboeuf	1
Dispensa-	1
Consummatum	1
AlRE	1
Tanimal	1
Ktatt-Unis	1
Vali	1
North	1
Tlemcen	1
Helasl	1
Aerek	1
Tarasoon	1
Pdrot	1
Allo-	1
Montgommery	1
Wpreuve	1
Onndmougln	1
Juignettes	1
Ptoiemafe	1
Pennyless	1
Riden	1
Cblne	1
Wco	1
Plumet	1
Drummorsie	1
Cuaputta	1
Fdrddougduba	1
AraKnama	1
Jecrois	1
Ri-chelieu	1
Meurthe-eUAfosetle	1
Cusputcs	1
Aunesc	1
Mvoutan	1
Bono	1
Quevoulez-Yousdire	1
Bapoupa	1
PrdM-lwlre	1
Tlrage	1
Attclnge	1
Godjo	1
Dakmas	1
Jugurlha	1
Tlnvlta	1
Novel	1
Scouta	1
Bonchamp	1
Hohenollem	1
Saint-Satur-	1
EascentriciUs	1
Arcbim	1
Garbe	1
Australia	1
Veriieuil-sur-Avnl.	1
Toa-youska	1
Bataille	1
Panno	1
Saint-Joieph	1
Royal-AUemand	1
Campanie	1
Gabrlello	1
Scandinavie	1
Cadau	1
Tenez	1
Tiemcen	1
An-des	1
Aringo	1
Narlgny	1
Espagnej	1
Angieterre	1
Bonches-du-RhCne	1
Luil	1
Luim	1
Socldta	1
LeCiel	1
TExtrdme-Orient	1
Rougeville	1
Isaac-Toussaint	1
Vinh	1
Dyd	1
Isle-sur-la-Sorgue	1
Crusca	1
Ratisbonne	1
dcl2i	1
Pont-Oroix	1
Kodiokoffi	1
Alexis	1
Frungals	1
Mrs	1
Mngulro	1
Roman	1
Congres	1
Saint-Nicaise	1
Nouvelloa	1
Palais-Ega-	1
Mra	1
PaudgiMaha	1
Langogne	1
Rhodteie	1
Korsmao	1
Iagitaient	1
Siedstoi	1
Calatrava	1
Pntongrotte	1
Lahalne	1
Picquigny	1
Enfiii	1
Chevre	1
Mourad-Bey	1
Mlats-Irnis	1
Bosobiman	1
Tromard	1
Beatrice	1
Scorce	1
Prusseet	1
Fil-eii-Soie	1
Soll-	1
Mont-Saint-Mlchel	1
Touloubre	1
Dhanis	1
IEst	1
Zd	1
Ouest	1
Maerjelen	1
Cloche	1
Elisabeth	1
Andrd	1
Hougue	1
Palais-Neuf	1
Pierrel	1
Uomingue.	1
ChampsElysees	1
Negotiations	1
Gamter	1
Saint-Maude	1
Valaze	1
Ilchelle	1
Exposi-	1
Saint-Rdmy	1
Krebedje	1
LSn	1
Marinus	1
PeauxIiouges	1
Strange	1
Kd	1
Saint-titlonno	1
Lupton-Bey	1
Piltid	1
RMatlone	1
Vendues	1
Yr	1
Emmenons-le	1
ItyumcH	1
Dar-Rouna	1
RMatlons	1
TArcblpel	1
Cagne	1
Simeon	1
Heuie	1
Made	1
For-tunes	1
AchappAc	1
Consells	1
Ohel	1
Boussln	1
Steele	1
Portugnis	1
Itoffes	1
SaiaVBUenoe	1
Parou	1
Bieanel	1
Sta-	1
VthuMla	1
Tidde	1
Xov	1
Li-Shoun-	1
Touloa	1
Dagon	1
Sara	1
Abl	1
Rochemeuse.k	1
Montecuculli	1
Warfde	1
Turoo	1
Xon	1
Toohes	1
Bdarn	1
Vaanes	1
Pont-Audoiner	1
Ocianic	1
Lfegues	1
Saint-Iieiier	1
Yoyait	1
Rdmy	1
Mifie	1
Staf	1
Petit-Moreau	1
PetiteRussie	1
Guesolln	1
Stan	1
Ocfian	1
Cochery	1
Hovas	1
Barnim	1
Cravolsler	1
Lqulvalente	1
Basscs-Alpes	1
OupltsTzlkhd	1
Pararin	1
Zego	1
Vicc-Mgat	1
Lartlgues	1
Babah	1
Boulaingrin	1
Attique	1
Jeueo	1
Papouasie	1
Comlte	1
Harotin-	1
Hanna	1
Papouasio	1
Caoarcs	1
Borkou	1
Kabara	1
Lnsomnlas	1
Guindo	1
Pauteurftrto	1
Villemande	1
Nouvelie-Gulade	1
Nouveau-Monde	1
Peschaver	1
Simbirsk	1
Albe	1
Thun	1
Use	1
Chlftae	1
Popoca	1
Marche-	1
Salnt-Sldge	1
Taccent	1
Coutumes	1
Cattegat	1
Mddlterrande	1
Valhubert	1
Ggriolles	1
Bresoello	1
TempS	1
Lang-Biang	1
Pierre	1
Varlgny	1
TArable	1
Miltot	1
Marches	1
Winchester	1
Ages	1
Tceil	1
Nha-Trang	1
Balunda	1
Pont-Remy	1
Chlftao	1
Jcaane	1
Thessalie	1
IMam	1
Momwusse	1
Martigoist	1
Nikolskala	1
Veiliee	1
Lncnvenuo	1
Herschel	1
Musique	1
Uieetre	1
Mouhala	1
Herts	1
Guiiido	1
Mayombe	1
Soitt	1
Quinta	1
Ciscaucasle	1
Ge	1
Saint-Etteane	1
Soitl	1
Cceurde-Llon	1
Go	1
Genova	1
Europeans	1
Cuaputes	1
Suivez	1
ChignonVert	1
Fai-dherbe	1
Chvpre	1
Renalssance	1
Oentllt	1
Lead	1
Espagnd	1
Zeffoun	1
Baguirml	1
Philippe-Au-	1
Plcca-dllly	1
Gardfes	1
Zinder	1
Rigat	1
Vabienl	1
Flic-Finn	1
Phrynd	1
Cest-fc-dire	1
Uho	1
Trieux	1
Dunois	1
Tdtrave	1
Lannes	1
Forcalquter	1
TAntricbe	1
Bonl	1
Nrf	1
Quoi	1
MOUMOUSSE	1
Sonj-Fou	1
Fllc-Flac	1
Lillets	1
AclatArent	1
8elenga	1
Patrle	1
Kouammou	1
Bastla	1
Sokoto	1
Rtace	1
Donnez	1
Yeritables	1
Pbos	1
Gan-	1
Ntirtie	1
Charieh	1
Ahmed	1
Ayak	1
POcddent	1
Sanglapde	1
Piston	1
Tcoil	1
Btiiou	1
JarWest	1
AngMirr	1
Carpentrasicns	1
Via	1
Simbach	1
Zend-Avesta	1
Vin	1
Vil	1
Vis	1
Archiduchesso	1
Daba	1
Ilardi	1
Bernoises	1
Ojo	1
Novor	1
KeHrouet	1
Vene	1
Nicolas	1
Rohl	1
Diamant	1
F.t	1
SEINB-OISE	1
Etigny	1
Neufiotiim	1
TEstrapade	1
Djessor	1
Pandji-Maha	1
Syucopes	1
Lumidre	1
Alaffftt	1
Meiingue	1
Poirier	1
Pepaulo	1
Vahiqny	1
Sans-leSou	1
Remade	1
Tomine	1
Cagliostro	1
Pas-ilt	1
Guiton-Tamba	1
Nassif-Pndia	1
Tambre	1
Marseil-lais	1
Mallerte	1
Loiis	1
Boni	1
Bourg-la-Reine	1
Itre.	1
Imite	1
Meuee	1
Belgrano	1
Ntivde	1
Peuhls	1
Adminis	1
Ninon	1
ThospitalitS	1
Fhinia	1
Gand	1
Mlditerranle	1
Nordfc	1
Lambesc	1
Rvlateur	1
Neree	1
Botissingault	1
Cutholique	1
Vanne	1
Jimiyree	1
Sloigna	1
Cram	1
Rlff	1
KeonisI	1
YAigle	1
Belbeir	1
Fertd-Macd	1
SaintDo	1
Suggestlon	1
Pisthetceros	1
KMber	1
Lahire	1
Photographle	1
Urne	1
Attendrissement	1
PontNeuf	1
Selltg	1
Pcouvre	1
Tentrainer	1
Tembrooha	1
Burnouf	1
Sikkhim	1
Avonturoa	1
Yvao	1
Hero	1
Daho	1
Rorhoimiisc	1
Gcogra	1
Afridi	1
Hers	1
Coincidence	1
Empe	1
Coylan	1
Timlist	1
YOcean	1
Philoe	1
Journai	1
Temboucburede	1
Wlchnou	1
Lafontalne	1
Saint-Lou	1
Laurent	1
Sar-	1
Chesapeake	1
TentrSe	1
Ciceri	1
Passeron	1
Montegardino	1
Etawolah	1
Bsbekleb	1
TAlle	1
Bligrane	1
FortDauphin	1
Saint-Vdran	1
Monte-Nttovo	1
Dorl	1
Burns	1
Blai-sot	1
Coudro	1
Araouan	1
Awerolles	1
Celui-lft	1
Adaln	1
Pires	1
JStranger	1
Chtftic	1
Louis-Joseph	1
Chalotidre	1
Ousaramo	1
Idcha	1
Yiisliiii	1
Temmena	1
Jeanno	1
Idche	1
Bar-blchon	1
Hydros	1
Maraud	1
Crazy-Horse	1
Efipayne	1
Tarcade	1
Celui-lfe	1
Cornichc	1
Ethiopiena	1
Florestan	1
Calmar	1
Majesti	1
Bouches-du-Iihdne	1
Rio-Grey	1
Mercl	1
Omar	1
SSociete	1
Lebon	1
Saint-Lazare	1
Anglalse	1
NormanUe	1
Achapper	1
Artimise	1
Carnac	1
Emifjree	1
Sontce	1
Phare	1
Levlgnac	1
Estero	1
Toggenbrong	1
Marcke	1
Kinte	1
Lutrin	1
Dix-neuf	1
Tlensl	1
Longlouglou	1
Dds	1
Michel-Ange	1
Ddj	1
Han-neton	1
Pd	1
Mettez-moi	1
Salnt-Etleane	1
SarantioNyMary	1
Hofbemeuse	1
Bouka	1
LesballesDoum-Doum	1
Damiette	1
PinumLRllu.	1
Baudouin	1
Ouliita	1
Abate	1
Flers	1
Maka-bendilou	1
Doussingault	1
Buite	1
Kar-Wost	1
Afghanistan	1
Euphrate	1
Broadway	1
Jouissan-	1
Saut-de-Saint-Michel	1
Haina	1
Teta	1
Mayenne	1
Caux	1
Ursuljnes	1
Ollvers	1
Kazan	1
Lochaher	1
Fleury	1
Brar	1
Kouroussa	1
Bulllvan	1
Soolete	1
VAlmamy	1
Ames	1
Forrare	1
Scria	1
Dwxlimttirie	1
Makouira	1
Scrie	1
S	1
FAbeucbe	1
Mystdrieux	1
Coniuguni	1
SidiBrakim	1
Dan	1
HanoI	1
Oporto	1
LapestoUe	1
DjayaAVanara	1
Nores	1
Ylve	1
Scurie	1
Voulea	1
Nteolas	1
Rlgotetto	1
Voulet	1
Ffcves	1
NativitS	1
Agglomeratlon	1
Nouvelle-Zeiande	1
Peraii	1
Temporte	1
Bonobamps	1
Cdrta	1
Tltalle	1
Bran	1
Fonvi	1
MAYNB-REID	1
Pont-lfivque	1
Vlrldan	1
Notre-Danie	1
Fllc-Flne	1
Dauphlu	1
1anne	1
Malsk	1
Ientrto	1
Yang-tse-Kiang	1
Raassay	1
Vallemande	1
Ta-Tsien-lou	1
Her	1
Guinea	1
Seine-Iiiferieure	1
Aprfa	1
Tffi	1
Stlphane	1
Hen	1
Guines	1
Iblouis	1
IAuberge	1
Iexistence	1
Porto-Novo	1
Vaud	1
Deseine	1
Quiberoa	1
Ille-Flae	1
Uligrane	1
Strangers	1
Warelles	1
Solio	1
Tarchipel	1
Vailhmf	1
Lguadaren	1
Carrare	1
Hmvuhfa	1
Jaurai	1
Setaus	1
Oil	1
TAutriche	1
Sud-	1
Couple	1
Fraiiis	1
Saint-Empire	1
VArkansas	1
Aiglin	1
Sardl	1
Degonne	1
Duch	1
Sdhdgal	1
Quasimodo	1
Pl-fd	1
Gourtrai	1
Pl-fo	1
Schiller	1
PEurope	1
Aolienne	1
Helnl	1
Achllle	1
Tananarive	1
Injlnita	1
Stroppla	1
Jauiathes	1
Lastlc	1
Camorin	1
IndoChine	1
Bouille	1
Homfere	1
Perellos	1
Gtaient	1
Arep	1
Valladares	1
Desenzano	1
Dioulas.	1
Palais-tigalite	1
Blondnu-Aodrlda	1
Unedevlnereaae	1
Demande	1
IJischopsgate	1
Hosslngor	1
Fontenelle	1
Assuefouri	1
Tembarcatton	1
Berwich	1
Moa	1
Dieux	1
Mortayne	1
Sbogoun	1
Mod	1
Moumoutfuc	1
Ballebarde	1
Dutrlvoz	1
Champmesie	1
Mprblban	1
Cbao	1
Boir	1
Saintfoix	1
M.Joulia	1
Ltalle	1
Plioolo	1
Lamitie	1
VapAs-midt	1
PontAudemev	1
Magongo	1
Monoulto	1
DoreT	1
Crois-moi	1
Duthojt	1
Conito	1
Silvertown	1
Basoutolandy	1
RhaUhoumouany	1
Vondrlsse	1
Ajacclo	1
Dorei	1
Dorek	1
Cormenin	1
Montguilhom	1
Ambre	1
Bambaras	1
Temporto	1
Inquldtude	1
Indes-Orientales	1
Abron	1
Am-Phua	1
BIondeauAndrite	1
Jepouvante	1
Eairentricitds	1
Baker	1
Crcuse	1
Kimbedl-Comba-Makabendilou	1
Tensemblede	1
Bakel	1
Vemeuil	1
Ndjid	1
Maillebois	1
Kabylle	1
Izta	1
Eupagne	1
Etats-unis	1
Prenez	1
Marandy	1
Flambergr	1
Beuzeville	1
Lacendreenlevee	1
Egalite	1
PArmorlcaln	1
Iob	1
Basslkounou	1
Clalre	1
Vauvenargues	1
Oceanie	1
Tidylle	1
Clalro	1
Moulmeln	1
Lafon	1
Quil	1
Giactere	1
Saint-Fir	1
Pardonne-moi	1
Eugene	1
ZarnVlc	1
Coffee	1
Weiohs	1
Stabiles	1
Hdrault	1
Artbis	1
Cauterets	1
Plltln-	1
Bouche	1
Poitou	1
Gali	1
Oceanic	1
Coobincbine	1
Ferrol	1
Lofiloiersetourna	1
Farache	1
A.NIttoe	1
Agen	1
Effets	1
Aton	1
Djemm	1
Dei	1
Qree	1
Alsano	1
Segonzao	1
Fer	1
BARJOLS	1
Voyezvous	1
Farafate	1
Palsngrotte	1
Antique	1
Jlciul	1
Rouuiar	1
AThorn	1
Essayons	1
Isom	1
NAYELLLER-MARLE	1
Cherchons	1
Gravilliers	1
Voyage	1
Plalsance	1
Import	1
Roumanie	1
Iagriculture	1
Aimes-tu	1
Sans-le-Souest	1
Tenselgne	1
Ion	1
DBPARTEKBlfTS	1
Pepiniere	1
Nordi	1
Mgende	1
Transcaal	1
Wapon	1
Emery	1
SobranyLor	1
Quest-cequeje	1
Treich	1
SainfGilles	1
Universite	1
Beilinsona	1
Ponthiou	1
Prlx	1
Anas	1
Serbie-Barraa	1
Saint-John	1
Meray	1
Dordogne	1
Prlclfee	1
Saint-Tropez	1
Garoupe	1
Saint-Aignan	1
Enlevez	1
Iofflce	1
Loan-	1
Rio-Frio	1
Chasse	1
Besangon	1
L.-M.	1
Risle	1
Stras	1
Hostalns	1
Stran	1
Lmentabomack	1
Ntrte	1
Nzige	1
Canche	1
Ijjuiww	1
Dldtee	1
Landerneau	1
Guillaumey	1
Galimafre	1
Donnez-smoi	1
Taxlle	1
GSricault	1
Ljimrinuk	1
Ndrte	1
Lubdron	1
Qlronde	1
LaoHa	1
Clceron	1
Sainte-Catherine	1
Crookes	1
Hinquante	1
Donsraad	1
Doiisie	1
Sues	1
Vail	1
Gardes	1
Wailiafton	1
AcroulA	1
Gorgos	1
Verdi	1
Sakhalin	1
Emerge	1
Palaiigrotfe	1
Sais-tu	1
Surveille	1
KfFecti	1
El-Kantara	1
Caramanlan	1
Paurae	1
Petit-Heposoir	1
Xormamlic	1
Iieias	1
Percho	1
Falemd	1
Manltoba	1
Aloigne	1
Durham	1
CalBinh	1
Watlly	1
Fiorlde	1
Ouada	1
Snm-OISB	1
Funfcrailles	1
Trville	1
Pascaline	1
Kichencl	1
Bigazzi	1
Frund	1
Baliia-Blanca	1
Roncherollais	1
MUlon	1
BicMre	1
Mossoul	1
Galapachao	1
Viklo	1
Pout-dtro	1
Pnix	1
Lslam	1
Siciie	1
Company	1
Perchc	1
Bruges-la-Morte	1
POSTAlE	1
Meridional	1
Provengal	1
Bakoka	1
Ajacolo	1
Rgpublique	1
Montpensier	1
Aelk	1
Mesnil-SaintDenis	1
Pas	1
Arrangement	1
NordEst	1
Robbo	1
Gbazal	1
Waterloo	1
Mosques	1
DJayaWanara	1
Gouloa	1
Tremble	1
Iemmkne	1
Renommto	1
Toulott	1
SaintlJoiefhl	1
Siakha	1
Pero	1
Perm	1
Savo	1
Godama	1
Tenelou	1
Orloansville	1
Auguste	1
Tombe	1
Charles-Andrti	1
Murnjitoyon	1
Gyptta	1
Rr	1
Puiseau	1
Lavinia	1
Enolos	1
Mltldja	1
Anodtre	1
Ri	1
Bdpublique	1
Horreurl	1
Jury	1
Secretalre	1
Saint-Vaast	1
Thdron	1
Eustacho	1
AmigrAs	1
Iie	1
SaintHubert	1
Lnsenslblllty	1
Kerguelen	1
Snlnt-Etlenne	1
Montguilliciu	1
DlondeaaAndrlte	1
Siouah	1
Pacha	1
Pak	1
Paoifique	1
Todorat	1
Kapoldon-Vendde	1
Jabron	1
Pluraot	1
Sorrondo	1
Unmatdero	1
A-propos	1
Asio	1
Charles-Qulnt	1
Vllllers	1
Annebault	1
Filc-FJac	1
Moumotusc	1
Borgomaggiore	1
NAYELUER-MARIE	1
MMalllo	1
Grand-Courrier	1
CharlesVIII	1
Lolre	1
Rfortatlons	1
Nord-Ouesfc	1
RApublique	1
Canadion	1
Trdguier	1
Sacal	1
Ouohe	1
Immensee	1
Chdteau-Babon	1
Domlne	1
Brandebourg	1
PAris	1
Ydres	1
Amoudou	1
Ghaporon	1
Moptwt	1
Conti	1
Chappedelaine	1
Kiimmer	1
Douvms	1
Jul	1
Iapprochc	1
Ousaga	1
Mlllon	1
Haroni	1
Bantam	1
Gacrians	1
Iyer	1
Albode	1
Lannay	1
Djaou	1
Massa-Carara	1
Duportail	1
Mertations	1
Soudain	1
Romagne	1
Lahaina	1
Evi	1
Bandel	1
Homfcre	1
Dagbestan	1
VOrient	1
Koussouri	1
JAtlas	1
Fouta-Toro	1
Licques	1
Daus	1
Itsmc	1
Rvtftateur	1
Lfc	1
Hlsfcolre	1
Mgou	1
Beauquesne	1
Kagha	1
Thdkamban	1
YenTho	1
Grangers	1
GENS	1
Macedoine	1
Iiaaubo	1
Secre-talre	1
Qu'	1
Bomou	1
Maigro	1
Bougouri	1
UadtietioA	1
Itiii	1
MarchajsU	1
Gones	1
Waclii	1
MM.	1
Isaao	1
S.ebastlen	1
Repris	1
Chaillu	1
Brazza-	1
Bangasso	1
Alletnagne	1
RainandriamampancfVy	1
Lltalie	1
Developpement	1
Fort-Hossin-	1
Mornas	1
Ldo-nidas	1
Tana	1
Ouistrenam	1
Itri	1
Saratoga	1
Armnio	1
Martin	1
Photographies	1
Una-Ioteou	1
Pardll	1
Cajenne	1
Tlnconnu	1
Tamener	1
Jeunos	1
Pelde	1
Leblanc	1
Glandfcves	1
Chailley-Long	1
Chemllle	1
Bahr-Ergulg	1
IAllemagne	1
Quoique	1
Tan-	1
Radisbonne	1
Froissart	1
Ernie	1
Wenvemt	1
Tdpouse	1
SaInt-fitJenue	1
Dargelos	1
Jouan	1
Kouang-Si	1
TaKti	1
Ilsgarderont	1
Soft	1
Mayoriium	1
Noble	1
GondokorQ	1
Objectlf	1
Esprit	1
Jeru	1
Ftevre	1
Grce	1
Facboda	1
Bahia-Hondita	1
Lescalier	1
Tlers	1
Cavite	1
Derniere	1
Clau-de-Joseph	1
Karefa	1
YAbbat	1
Antifer	1
Sauvd	1
Pompdi	1
Pounlayrac	1
Monta	1
Wharton	1
Pleura	1
Tliomme	1
Tantique	1
Mceuobjoob	1
Kiong-Kong	1
Transcaucasie	1
Sftvres	1
O.ueqt	1
Kasanao	1
Debreozin	1
Perche	1
Bavifcre	1
Deois-Maligny	1
Maine-et-Loire	1
Arrlvde	1
Pont	1
Jeuw	1
Espre	1
Porribet	1
StFOLENNE	1
Tombouotou	1
Pourah	1
Paclflque	1
Saint-Lau-	1
Satory	1
Pierrerles	1
Morgue	1
COUP-so.rdunlt	1
Morphle	1
Mors	1
Atchds	1
Dantonne	1
Peutetro	1
Pincondie	1
Indenie	1
Aix-la-Chapelle	1
Salnt-Plrmln	1
Gros-Ventres	1
MARCO-POLO	1
Lao-Kat	1
Delambre	1
Grieart	1
Mostujouls	1
Somenirs	1
Salakieh	1
HEBDOMADAIRE.	1
Nouveile-Ca-	1
Serlio	1
Gouengou	1
Boolon	1
Refieohis	1
Civita	1
Grandicr	1
HI-	1
Cumberland	1
Ker-Prax	1
Yotoro-marou	1
Arich	1
Cawnpour	1
Ristc	1
Poste	1
Endre	1
Camotot	1
SANS-le-Sou	1
Aldoutiennes	1
Polyndsie	1
Merifindiain	1
Probablement	1
Fouta-Djalon	1
Molnes	1
Tobad	1
Tossy	1
Btaient	1
Ska	1
Pair	1
Jem-Louis	1
Bug	1
Thiver	1
Lao-Kai	1
Frophaiies	1
Tunivers	1
Lawe	1
Lacliutnub	1
Rouergue	1
Iiigoufourou	1
Connul	1
Ltttirc	1
Florentine	1
Philadelphia	1
LOdysste	1
Norvdge	1
Boffa	1
Seyne	1
Fredcrlco	1
Elysee	1
Yamashlna-no-mya	1
Rottop	1
Assezl	1
Dorine	1
Veudde	1
ViliaretJoyeuse	1
AutrichieiiS	1
Flacourt	1
YOcian	1
Ofr	1
Djemaa	1
Gretter	1
Lamennais	1
WroJne	1
Wyo	1
Wplunche	1
Maravie	1
Brotagne	1
Gobcrt	1
Fondas	1
Iarc	1
Mdzidres	1
Te-tenne	1
Sentimentality	1
Baumes-de-Venise	1
Charleville	1
Sourabaya	1
Koyukuk	1
Ecoute	1
Saint-Bo	1
Ronaissaneo	1
Itaiie	1
Faisan	1
Jlel	1
Annus	1
Kotzebue	1
Rassurez	1
Mddicis	1
Moine	1
Cuith	1
Touiouila	1
GOo	1
Lorbln	1
Picnrdie	1
FHIPOJttT	1
Notwclle-Gutndo	1
Amd	1
Riazan	1
Seerdtalre	1
Salut-EUEMTC	1
LaisseK	1
Rivadavia	1
Songkof	1
Bable	1
Peionne	1
British	1
VartiUs	1
Bailli	1
Fldgli	1
Tenserrer	1
Bllranger	1
Moumousae	1
Idgers	1
Estrdes	1
Flowbort	1
Pune	1
Peney	1
Ardesnel	1
FervaU	1
Qonno	1
Gontran	1
Chaiies-Louis	1
Estaque	1
Etlul	1
Rochcmeuse	1
Encecas	1
Damet	1
Beck	1
Ilia	1
Avranehes	1
Assibia	1
Surya	1
Femmes	1
Oalvadoi	1
Saint-Bomain	1
Aunamite.	1
Chandernagor	1
Salnt-fittense	1
Basset-Alpes	1
Bahr-el-Azrak	1
Altlclrch	1
Jelignore	1
Sibilly-Hallem	1
Jugartria	1
Hermagls	1
Aris	1
Topaze	1
Obetllanoe	1
Lyonnula	1
Hier	1
Crolad	1
Vieux	1
Capuclnes	1
Waou	1
Jjapalrn	1
Ver-sailles	1
Vigneron	1
Resaao	1
Lestras	1
Quillebceuf	1
Bouhior	1
Audubon	1
Lopostoilo	1
Ceme	1
ChArtolot	1
Wcelffel	1
Artmise	1
Airis	1
PllllAtra	1
Esiero	1
Day	1
Leoadran	1
Sde	1
Tinfortuue	1
Dakar.	1
TOuest	1
Vice	1
Santa-Mar	1
Hlndou	1
Alexandra	1
Fapres-midi	1
Kaklie-	1
Iinfanterio	1
Chaperon	1
Heiasi	1
Syrro	1
Sicilc	1
Ursaria	1
Barbiskoff	1
1Allemagne	1
Flamborge	1
Saini-Domihgtie	1
Chftnder-	1
Illo	1
Philip	1
Agilitd	1
Tri	1
Jttfurtha	1
Notre-Dame	1
Priez	1
Vestancleropour	1
Adjugea	1
Rlgo	1
Port-Royal	1
Hollander	1
Salnt-Joteph	1
Hubert	1
Extasie	1
Tamenokal	1
Niganga	1
DPAATBIKEIVTS	1
Gros-Horloge	1
Crocodiles	1
Magerito	1
Hanovre	1
Lya	1
Soofcte	1
Lhassa	1
Kalfoo	1
Theuro	1
Mollah-Fou	1
Fer-nando	1
Suedeoulla	1
Acart	1
FUG-FLAG	1
Saran	1
Quang-Tri	1
Gessi-Pacha	1
JComoe	1
Basire	1
Ormuz	1
Corcyre	1
EfTroyable	1
Jeeftt	1
Calcbas	1
TAlaska	1
Philippe	1
Marcfaaud	1
Trta	1
Valines	1
Tanlmal	1
Cauohoise	1
Bize	1
Amd-	1
Noblesse	1
Sassaudra	1
Octon	1
DeSoto	1
Valrdas	1
Attendez	1
Bassi-Kounou	1
Hudson-bay	1
Pigeon	1
Kabonga	1
Ouafgla	1
Chlmabara	1
Weymouth	1
Igorger	1
Saso	1
Sanglo	1
Punta-Es-	1
Tavenir	1
Pelchaver	1
Lnponle	1
Mlromesnll	1
Bouches-du-Rhene	1
Landrinajoiita	1
Christophe	1
Grftce	1
Attendee	1
Vision	1
Yportaie	1
Divisds	1
Vaine-	1
Wane	1
Andrlfea	1
Iinfortunee	1
OLonne	1
Camarde	1
Xouvelle-Caiedonie	1
Itres	1
Caneblfere	1
Tafna	1
Vilers	1
Dlagourou	1
Vernay	1
Afrlca	1
Volontiers	1
Fulte	1
Anna	1
European	1
Salntes	1
Stipplices	1
FllcrUo	1
Longjumeau	1
Mincio	1
Kaaohe	1
Moumous.se	1
Astolfe	1
LGonidas	1
SanglapAe	1
Gorsi	1
Plaiaanoe	1
Moreflo	1
Prisonniers	1
Frangois-Paul-Joseph	1
Chancel	1
Deiucteme	1
Doul	1
Conservatoire	1
Mohamed	1
Kayo	1
Marcillac	1
Zoungomero	1
Safgon	1
Mamouna	1
Piirietis	1
Marylebone	1
Khaiber	1
WograpBie	1
Louis-Philippe	1
Cbe	1
Oupolou	1
Montoalm	1
Marking	1
Cazemajou	1
Caracas	1
PeauRouge	1
Koleah	1
Per	1
Bolbee	1
Roumois	1
Gdorgie	1
Prielde	1
Ger-vais	1
Leuxiemeserie	1
Pulsquo	1
PeH	1
Darcelonnetle	1
Mourzouk	1
Chctnars	1
Brasserie	1
Dardalon	1
Atchin	1
Dumont-	1
Emily	1
Stait	1
Tabora	1
EsPAftA	1
Toscsne	1
Oamperaent	1
Tdhdran	1
Asiatique	1
Llinkers	1
Ctttpulot	1
Cinq	1
Burg	1
Lormaye	1
Saint-Dominique	1
Dam	1
Flor	1
Amrique	1
Grandc-Brotagne	1
Present	1
Korteresse	1
Navnr	1
Saint-Vaiery	1
Ouralsk	1
HAliopolis	1
Hercd	1
CastelUno	1
Etmafemme	1
Coffiniores	1
Double	1
Princerie	1
Raden-Benawa	1
Airiensy	1
Abeuchene	1
Duchesne	1
Khergo	1
Vignelo	1
Abandonnez-moil	1
Haiphong	1
Lesbdtiments	1
Montrairall	1
Pnnlmnl	1
Salon	1
Jomsalemestemportdc	1
Robert	1
Oanada	1
Upostolle	1
Lala-Musa	1
Hennery	1
Brillon	1
Orange	1
Lupton	1
NouvelleGrenade	1
Ameetde	1
Spoque	1
Chateau	1
Kranee	1
ArthdmlseCorbln	1
Aniibois	1
Karivat	1
Larmes	1
Aiso	1
Tamitie	1
Ferdinand	1
Sllsabetb	1
Vdpkedrismos	1
Berri	1
Dye	1
Chutl	1
Bernr	1
Anirlaiso	1
Ilarrar	1
Agile	1
Bouvct	1
Tlacopan	1
Rek	1
Livaf	1
Acraindre	1
Tvols-Couronnes	1
Skagen	1
Vittoria	1
NoOl	1
Provenoe	1
Khan-Hoa	1
Humbold	1
Boulo	1
Touchaou	1
Duplay	1
Novo	1
Antaeo	1
Choisy	1
XmrnMu-Guihee	1
Rostop	1
Nove	1
Saint-Ayoun	1
Vixtbaot	1
Ujuin	1
Uucb	1
Patagonie	1
Touat	1
Profitant	1
Tirnbo	1
Dictionnaire	1
Salnt-fiUenne	1
Bamba	1
IlStat	1
Grad	1
Bheties	1
TAdamooua	1
Nlltoc	1
Le-	1
Pont-Audomor	1
Faid	1
Djurjura	1
Faim	1
Dauphine	1
NghG-thuong	1
Ardre-en-Calaisie	1
Behague	1
Conxbiois	1
Oelanie	1
Abomey	1
Traun	1
Yacht	1
Zoroastre	1
Freetown	1
Vanua	1
Turanne	1
Liemba	1
MSztyres	1
Si-lence	1
AlevAes	1
Rlgente	1
Champagne	1
Ajou-	1
Annam	1
Hs	1
Kouban	1
Pasgrandchose	1
Hj	1
Bouchrs-	1
Maladle	1
He	1
Rdv	1
Lure	1
Hanneton	1
Charette	1
Futtehpour	1
Zoroastrc	1
Eyrord	1
Peronneeut	1
New-Oil-City	1
Top-	1
Flixecourt	1
Odo	1
Voy	1
Murculin	1
Beaugend	1
Saint-Cyrille	1
Ilorvlopel	1
TArdrdsis	1
Plnaau	1
Saint-Waast-Dieppedalie	1
Wellmann	1
Flordal	1
Pluniet	1
Begin	1
Faragara	1
Witwa	1
VUnivers	1
Saittte-Peiagie	1
Mehlem	1
Seiiorl	1
Carpe	1
Saintes-Maries	1
Pdpouvante	1
Moyor	1
Thang	1
Angiais	1
Seltz	1
Regence	1
MeinGott	1
IuiiK	1
Flumlwge	1
Toutouila	1
Ydritd	1
Xbeh	1
Apars	1
Bvedenarde	1
Cafan	1
Hon-	1
Roijuclio	1
Essling	1
Mouktta	1
Salnt-F.tlennc	1
YMe	1
Lural	1
Ablras	1
