(	921
France	490
Paris	435
Afrique	250
île	237
Angleterre	206
Amérique	202
Europe	184
Soudan	126
Madagascar	116
Asie	107
Chine	106
mer	102
El	97
Russie	89
Alexandrie	78
Congo	77
côtes	72
Londres	69
Océan	67
Inde	61
Sud	61
Niger	61
Grôlard	60
Daoud	60
Espagne	60
détroit	60
Sénégal	60
Côte	55
Allemagne	55
Étoile-Blanche	54
États-Unis	54
Algérie	54
Japon	53
Tonkin	50
Rome	49
Dimanche	49
Loïse	48
Maroc	48
Saint-Vaast	48
Egypte	46
Italie	45
Mississipi	45
porte	44
Couque	44
Chronique	42
Timbouctou	42
Tom	42
Bruxelles	41
Victoria	41
Compagnie	40
Variétés	39
Cap	39
Départements	39
Belgique	38
Guyane	38
Orient	38
I'	37
Atlantique	37
Trébahu	36
Sahara	36
Seine	35
Bogota	35
Norvège	35
Aboû-ben-Azhar	34
Myriam	34
Corée	33
A	33
Nord	33
New-York	32
Marseille	32
Australie	32
Indes	32
Fortescue	31
Caen	31
Tours	31
Alpes	31
—	31
Mâdhî	31
Talisman	31
«	30
Caire	30
Nil	30
Sophie	30
Tunisie	29
Indo-Chine	29
Méditerranée	29
Lyon	29
côte	29
Cherbourg	29
Laponie	29
Société	28
Guy	28
Autriche	28
place	28
Siméon	28
Marjolaine	28
Dioubiban	27
Moscou	27
Est	27
Égypte	27
Lanjallais	27
Pola	27
Sa	27
Saint-Louis	26
Dorade	26
Imp	26
Sibérie	26
Ja	26
Tennessee	25
Orléans	25
Ch	25
Etats-Unis	25
Pays	25
Tananarive	25
Zambèze	25
Alger	25
Canada	24
Pacifique	24
Ed	24
Nouvelle-Calédonie	24
Mouri	24
Californie	24
Siam	24
Rio	24
Suisse	23
Route	23
Dahomey	23
Gascogne	23
Claudine	22
MM.	22
PARIS	22
Rouen	22
Brazza	22
Guinée	21
Suède	21
Chicago	21
Bordeaux	21
Meerut	21
San	21
Mexique	21
Polour	20
Muséum	20
Rajah	20
Dyke	20
Touareg	20
M.	20
Chirou	19
Tunis	19
Bénoué	19
Varigny	19
Havre	18
Emin	18
Manche	18
Grèce	18
Transvaal	18
Mékong	18
Bradley	18
Carmenito	18
Hoosanee	17
Baker	17
Sierra	17
Bouddha	17
Portbail	17
Stanley	17
Grande-Bretagne	17
Cie	17
Fonvielle	17
Saint-Furcy	17
Mâhdî	17
Grande	17
Anglaise	16
Irlande	16
Dieppe	16
Kéria	16
Jalin	16
Gumilcund	16
Toulouse	16
Tibet	16
Saint-Paul	16
Pérou	16
Zanzibar	16
Annam	15
Hongrie	15
Abyssinie	15
République	15
Perse	15
Bretagne	15
Ladak	15
Heure	15
Noël	15
Andes	15
Brésil	15
Rhône	15
Hélas	15
Ouest	14
Mirador	14
Berlin	14
Sud-Ouest	14
Pose	14
Aerial-City	14
Kimberley	14
Sumatra	14
Syrie	14
Lille	14
Voyages	14
Hong-Kong	14
Washington	14
Tamatave	14
Hilario	14
Kachgarie	14
Charaire	14
Allâh	14
Neuville	14
Swan	14
Normandie	14
Albert	13
Saint-Pétersbourg	13
Les	13
Ranie	13
Turquie	13
Saint-Yaast	13
Océanie	13
Ville	13
Tiflis	13
Rafaël	13
Mosca	13
Empire	13
Arguin	13
Nansen	13
Hung-Yen	13
Hollande	13
Hanalei	13
Sainte-Marie	13
Nice	13
Jérusalem	13
Sidi	13
Blanc	13
Gévaudan	12
Pékin	12
Chili	12
Lorraine	12
Yola	12
Certes	12
Bayard	12
Philippe	12
Paraguay	12
Khotan	12
Argenteuil	12
Israël	12
Ataras	12
Extrême-Orient	12
Florence	12
Ceylan	12
Timbouktou	12
Vienne	12
Keria	12
Amiens	12
Morillo	12
Objectif	12
Igel	12
Danemark	12
Me	12
Boulogne	11
Gambie	11
Nossi-Bé	11
Ile	11
Johannisburg	11
Gambetta	11
Himalaya	11
Terre-Neuve	11
Prophète	11
Méry	11
Meuse	11
Hanoï	11
Maurice	11
Aôh	11
Saint-Michel	11
Khotane	11
Dala	11
Luxembourg	11
Damas	11
Kayes	11
Grand	11
Saint-Joseph	11
Valognes	11
Suez	11
Spitzberg	10
Haut	10
Floride	10
Je	10
Palestine	10
Monsville	10
Korân	10
Nantes	10
Obock	10
Samory	10
Euphrate	10
Calais	10
Woodley	10
Douai	10
Nyassa	10
Pyrénées	10
Charlemagne	10
San-Francisco	10
Etoile-Blanche	10
Prusse	10
Malaisie	10
Stéphanie	10
Saint-Jean	10
Creil	10
Islande	10
Nouvelle-Orléans	10
Malamine	10
Peary	10
Golfe	10
Arabî	10
Malo	10
Marché	10
Livingstone	9
Luiz	9
Bolivar	9
Capitaine	9
Hello	9
Montauban	9
Serki	9
Toulon	9
Cambodge	9
Natal	9
Etat	9
Porte	9
Mex	9
Kwang	9
Ta	9
Ton	9
Anita	9
Volga	9
Canton	9
Ségou	9
Lagos	9
Calcutta	9
Havaï	9
Dr	9
Luçon	9
Champagne	9
Pays-Bas	9
Jersey	9
Malte	9
Bolivie	9
Genève	9
Majunga	9
Grâce	9
Mery	8
Pavie	8
Venezuela	8
Virage	8
Dhiôli-Ba	8
Cusy	8
Yambouya	8
Saint-Laurent	8
Brazzaville	8
Yumas	8
Épreuve	8
Deux	8
Sandwich	8
Kara-Say	8
Mans	8
Mer	8
Avril	8
Stinger	8
Hovas	8
Edmond	8
Catane	8
Haute	8
Occident	8
Esternay	8
Portugal	8
Koran	8
Sienne	8
Martinique	8
Buenos-Ayres	8
Garnier	8
Providence	8
Moyen	8
Borburata	8
Cochinchine	8
Saint-Jean-de-Losne	8
Aden	8
Gap	8
Bombay	8
Sicile	8
Huatli	8
Finlande	8
Oçman	8
Maye	8
Fleuve	8
Kabara	8
Cuchillo	8
Louisiane	8
Royaume-Uni	8
Liverpool	8
Iles	8
Maître	8
Méry-sur-Oise	8
Lanh-Suy	8
Ouganda	8
Senor	8
Te	7
Ecosse	7
Supplément	7
Grôiard	7
Ozongué	7
Cayenne	7
Leh	7
Smyrne	7
Lalouette	7
Pau	7
Argeploug	7
Sierra-Leone	7
Plantes	7
Papier	7
Pardon	7
Mâhdi	7
Birmanie	7
Velayer	7
Provence	7
Rouvillois	7
Juifs	7
Kordofân	7
Hambourg	7
Koâna	7
C’	7
Xuyen	7
Thilda	7
Sonninké	7
Écureuil	7
Enrique	7
Lybie	7
Kotonou	7
Carrare	7
Tippo	7
Qvikkjokk	7
Thabor	7
Jhansi	7
Encore	7
Tien-Tsin	7
Foa	7
Lara-Coëllo	7
Pique	7
Karthoûm	7
Lee-Kuy	7
Barcelone	7
Adjia	7
Douane	7
Toi	7
Virginie	7
Philadelphie	7
Gascon	7
Bosnie	7
Haute-Alsace	7
Margarita	7
Jardin	7
Elton	7
Challenger	7
Brindisi	7
Apaches	7
Chamonix	7
Dunkerque	7
Adriatique	7
Bénin	7
Lisbonne	7
Honoloulou	7
Moulineaux	7
Saint-Malo	7
Tchertchen	7
Arabe	7
Gibraltar	7
Types	7
Diaphragme	7
Vésinet	7
Constantinople	7
E	7
Céleste-Empire	7
Horla	7
Tchang	7
Formose	7
Delhi	7
Midi	7
Hâvre	7
Sainte-Sophie	7
Loire	7
Québec	7
Kagera	7
Régent	7
Tango	7
Sultan	6
Samano	6
Rivières	6
Atlas	6
Gotha	6
Ibrahim	6
Sainte-Hélène	6
Aglaia	6
Guadeloupe	6
Mallet	6
Seychelles	6
Arabie	6
Tell-Hoûm	6
Pibrac	6
Jauja	6
Quel	6
Comte	6
Tarbes	6
Va	6
Quelles	6
Saint-Denis	6
Massie	6
Maures	6
Grye	6
Aussi	6
Anthi	6
Gròlard	6
Prévost-Lemaire	6
Biskra	6
Ward	6
Vasco	6
Bry-sur-Marne	6
Mas-a-tierra	6
Ethiopie	6
Mahmoudièh	6
Bavière	6
Rhin	6
Cote	6
Sénégambie	6
Bravo	6
Quatrefages	6
Étoile	6
Velez	6
Industrie	6
Scandinavie	6
Tigre	6
l’	6
Salomon	6
Eldorado	6
Mère	6
Versailles	6
Excellence	6
Pepe	6
Marsouin	6
Liège	6
Nouveau-Monde	6
Dabinerie	6
Ballon	6
Rouge	6
Dahomé	6
Ituri	6
Pung	6
Caracas	6
Tingeregef	6
Herse-d'	6
Fife	6
Nouveau-Mexique	6
Anvers	6
Pérak	6
Berne	6
Ténacité	6
Juif	6
Côte-d'	6
Lapon	6
Indiens	6
Vancouver	6
Madone	6
Dax	6
Cryptogames	6
Brezolles	6
quai	6
Oche	6
lAk	6
Antilles	6
Zone	6
Colorado	6
Bangkok	6
Corse	6
Roubaix	6
Chabredier	6
Indianapolis	6
Mokissos	6
Grônland	6
Oise	6
OEhlert	6
Monteil	6
Nouvelle-Zélande	6
Tanganyika	6
Cook	6
Giffard	6
Adamaoua	6
Cousin	6
Guaranis	6
Magellan	6
Patrie	6
Daria	6
Reims	6
Honduras	6
Nashville	6
Arizona	6
Nouméa	6
Danéans	6
Coran	6
Biarritz	6
Loango	6
Orénoque	5
Home	5
Méhier	5
Boston	5
Trarzas	5
Grenoble	5
San-Salvador	5
Southern	5
Honolulu	5
Saint-André	5
Trêves	5
Akoy	5
Roumanie	5
Sutter	5
Bonne-Espérance	5
Arrivée	5
Bourgogne	5
Arcachon	5
Touran	5
Choa	5
Quelle	5
Gwalior	5
Pondichéry	5
Saint-Pol-Lias	5
Grönland	5
Tokouz	5
Batavia	5
Saint-Pierre	5
Trixy	5
Mongolie	5
Yakkas	5
Ougarroua	5
Cologne	5
Grotta	5
Méroë	5
Ouargla	5
Marbach	5
Isle	5
Akkas	5
Somme	5
Mende	5
Tombouctou	5
Bordeaux-Saint-Jean	5
Hué	5
Ce	5
Montréjeau	5
Bapaume	5
Hope	5
Pornic	5
Ghadamès	5
Rubaga	5
Gênes	5
Herzégovine	5
Tehertchen	5
Nord-Ouest	5
Korosko	5
Mélilla	5
Vigilante	5
Ch.	5
Estufa	5
Meroë	5
Oural	5
Arezzo	5
Bayonne	5
Antwerpen	5
Neukomm	5
Karakorum	5
Yen	5
Baraïa	5
Diable	5
Fulga	5
Goury	5
Tharaux	5
Variétés.	5
Amsterdam	5
Moussa	5
Joncquière	5
Missouri	5
C'	5
Amazone	5
Pas	5
Tunuyan	5
Tou-chéoù-ky	5
Géographie	5
Kara	5
Alaska	5
Lausanne	5
Astrakan	5
Kiang	5
Nia	5
Mobile	5
Berber	5
Sioux	5
Bassac	5
Pheromena	5
Behanzin	5
Kinta	5
Sérajévo	5
Jéricho	5
Marie	5
Casamance	5
Népaul	5
Paléontologie	5
Uruguay	5
Barbara	5
Apure	5
Kanaï	5
Vash-shari	5
Bagnères-de-Luchon	5
Nahanji	5
Estrée	5
Catalogne	5
Sultane	5
Nouvelle-Helvétie	5
Plaque	5
Saintes-Plaies	5
Œdipe-Roi	5
Saint-Georges	5
Rienzi	5
Malacca	5
Couronne	5
Si-Ning	5
Protozoaires	5
Photographie	5
Fort-Dauphin	5
Tanger	5
Laudora	5
Pologne	5
Port-Saïd	5
Abomey	5
Ajouter	5
Bailly	5
Vicksburg	5
Koura	5
Fra	5
Bas	5
Vendée	5
Mozambique	5
Khédive	5
Màlaga	5
Ethnographie	4
Diaz	4
Poppi	4
Djeuh	4
Jacottey	4
Lucan	4
Bukarest	4
Riioms-Vallon	4
Lanessan	4
Perle	4
Blakenburg	4
Nadaillac	4
Volta	4
Djouhoute	4
Napoléon	4
Nettleship	4
Bay	4
Baba	4
Elim-Sophi	4
Portai	4
Ménardville	4
Olympe	4
Argentine	4
Troie	4
Perm	4
Mouanga	4
PorcUpine	4
Schirmer	4
lits-toilette	4
La	4
Verneau	4
Ambinaniroa	4
Ramleh	4
Kartvels	4
Agen	4
Lamas	4
Vildeman	4
Houmanie	4
Mille	4
Bornéo	4
Marcenais	4
Potanine	4
Bourde	4
Roux	4
Vendôme	4
Bac	4
Après	4
Rutemberg	4
Ordinaire	4
Castro	4
Berbères	4
Libreville	4
Melville	4
Laqueuille	4
Sommaire	4
Dongola	4
Port-au-Prince-	4
Tais-toi	4
Languedoc	4
Edera	4
Dhanis	4
Vois-tu	4
Algues	4
Samarcande	4
Roüchín	4
RuomsrVallon	4
Saint-Germain-de-Vouy	4
Cape-Town	4
Lukodja	4
Pinang	4
Imerina	4
Saint-Gothard	4
Durand	4
Francë	4
Taßelt	4
Mossí	4
Morgan	4
Gratz	4
Dollo	4
Rabot	4
Gabon	4
Souk-houm-Kalé	4
Barré	4
Art	4
Surbiton	4
Niam-Niam	4
Boulanger	4
Gregorio	4
Périn	4
Bert	4
Batb	4
Feu	4
Zambcze	4
Casati	4
Izraël	4
Lusignan	4
Maud	4
Coos	4
Taos	4
Thonnelle	4
Evaux	4
Cao-Xi	4
Dhasp	4
Alleyrat	4
Etapes	4
Talabsk	4
Açores	4
Silence	4
Thibet	4
Bellet	4
Étables	4
Yersin	4
Ténériffe	4
MM	4
Venise	4
Cap-Vert	4
*	4
Nyangoué	4
Franklin	4
Labrador	4
Folin	4
Dongoï	4
Windward	4
Grecs	4
Saint-Omer	4
Wiazemsky	4
PskofF	4
Tchad	4
Sarjektjokko	4
Kratji	4
Afriquè	4
Béhagle	4
Souza	4
Bloch	4
Sairrt-Yrieix	4
Baudry	4
Libéria	4
Superb	4
Pemba	4
Ruspoli	4
Simon	4
Estérnay	4
Tonga	4
Buchta	4
Millet	4
Excusez-moi	4
Barnsley	4
Joséphine	4
Athènes	4
Cruces	4
Oura	4
Antarctique	4
Milan	4
Kazan	4
Madère	4
Lenz	4
Davis	4
Mars	4
Las	4
Sacramento	4
Law	4
Preste	4
Noudohi	4
Demain	4
Prétoria	4
Saint-llippolyte	4
Guide	4
Humboldt	4
Rollot	4
Bammako	4
Sansdell	4
Nanterre	4
Fabert	4
Viviane	4
Aix-la-Chapelle	4
Vindhya	4
Port-Louis	4
Antananarive	4
Carton	4
Haute-Franconie	4
Nam-Dinh	4
Halte	4
Malmédy	4
Frandji	4
Ypres	4
Lucy	4
Cachemire	4
Roast-Beef	4
Bakoundi	4
Crimée	4
Nowgong	4
Constantine	4
Quoi	4
Kong	4
Yazoo	4
Piay	4
Montguilhem	4
Belfort	4
Maraca	4
Moscovie	4
Moi-même	4
Paëz	4
Horn	4
Dôme	4
Auckland	4
Chretes	4
Richi	4
Canaries	4
Wallonie	4
Mont-Blanc	4
Albe	4
Orenoque	4
Tanganika	4
Piè	4
Ceuta	4
Tirage	4
Lambelin	4
Tham-Taï	4
Beauvais	4
Hague	4
Déroute	4
Angola	4
Righi	4
Dernières	4
Caucase	4
Dakar	4
Goundam	4
Pelago	4
Dordogne	4
Selkirk	4
Emin-pacha	4
Tani	4
Livrelli	4
Schmidt	4
Singapore	4
Elyséyeff	4
Bah	4
Matatanes	4
Lagrée	4
Beauzac	4
Graetz	4
Martenne	4
Wimeremy	4
Etables	4
Lucknow	4
Mézières	4
Barlejo	4
Kertch	4
Archipel	4
Demierre	4
Salies-de-Béarn	4
Àh	4
Mirande	4
Guatémala	4
Lima	4
Scout	4
Gembloux	4
Himâlaya	4
Grazian	4
Louvre	4
Salvador	4
Rio-de-Janeiro	4
Déli	4
Echternach	4
Riff	4
Caroline	4
Fouque	4
Naraka	4
Tarimo	4
Centre	4
Feillet	4
Suivez-moi	4
Marthes	4
Fundy	4
Gautier	4
Berger	4
Zalbarita	4
Garro	4
Salve	4
Barbotan	4
Sangha	4
Moi	4
Mantes	4
Illyrie	4
San-Agustin	4
Siphonophores	4
Ankavandra	4
Pline	4
Villegas	3
Sfax	3
Leur	3
Gandin	3
Bachama	3
Kouinini	3
Tatsi-gang-ri	3
Nogent	3
Mme	3
Montana	3
Kimberiey	3
Ismaïlia	3
Cuba	3
Morondova	3
Sorbonne	3
Chaudfontaine	3
Pierrefite-Nestalas	3
Flandre	3
Queenstown	3
Portendick	3
Croatie	3
Douvres	3
Amériqu	3
Angkôr	3
Panama	3
Médine	3
Bodö	3
Éphèse	3
Drouilly-les-Haies	3
Sainte-Anne	3
Montagne-Noire	3
Salon	3
Véeinet	3
Normand	3
Simond	3
Dimanches	3
Lorient	3
Rabat	3
Sergent-Malamine	3
Pair	3
Java	3
Chalais-Meudon	3
Mandeuvre	3
Chouan	3
Ia	3
Yalognes	3
Pujols	3
Brézolles	3
Renard	3
Disque	3
J'	3
Saint-Martin	3
Bicharî	3
Franco-Russe	3
Tabora	3
Régence	3
Bône	3
Mahongo	3
Saïda	3
Tréport	3
Banalya	3
Brongniart	3
Vilers	3
Ciel	3
Papaaseaa	3
London	3
Tcherchen	3
Nouvelle-Grenade	3
Sénégalais	3
Ambondro	3
Colchester	3
Souàkim	3
Aguibou	3
Bangui	3
Piton	3
Boutroue	3
José	3
Hakkas	3
Marquez	3
Pruth	3
Boisdeffre	3
Magreb	3
Grottes	3
Lao-Tsin	3
Lado	3
Fougères	3
Alexandre	3
Ketchouaio	3
Behring	3
Palour	3
Cette	3
Bomova	3
Ho	3
Jeune	3
Toscane	3
Guild-Hall	3
Nord-Sud	3
Journai	3
avenue	3
Nouvelle	3
Wailly	3
Alpès	3
Sofas	3
Muscinées	3
Nouvelle-Galles	3
Ai-je	3
Parmelia	3
Lang-Son	3
Mersey	3
Mandalay	3
Foraminifères	3
Port-Beira	3
Saint-Christophe	3
Octobre	3
Souakim	3
Stuhlmann	3
Oran	3
Lueg	3
Sept	3
Attanoux	3
Lubin	3
Nubie	3
Tachkent	3
Black	3
François	3
Sabelle	3
Kola	3
Broca	3
Kor-dofân	3
Mammifères	3
Aristote	3
Senora	3
Pamir	3
Tibre	3
Hannon	3
Drakenberg	3
Hercule	3
Départ	3
JefBald	3
Arabl	3
Mossi	3
Chinoises	3
Bibbiena	3
Aktsisk	3
Gordon	3
Croii	3
Beauceron-Percheron	3
VAfrique	3
Manchester	3
Mont-de-Marsan	3
Unyaniembé	3
Grotte	3
réseau	3
P.-L.-M.	3
Stockholm	3
Akassa	3
Narenta	3
Nul	3
Incas	3
Golchika	3
Pauvre	3
Géorgie	3
Conifères	3
Sujets	3
Bricquebec	3
Konakry	3
Brongoiart	3
Louis	3
Allah	3
Saint-Brieuc	3
Kénia	3
Nova	3
Arkansas	3
Mes	3
Lobengula	3
Allåh	3
Aymon	3
Lillebonne	3
Speke	3
Vindhyas	3
Apia	3
Herald	3
Giro-Batou	3
Brettes	3
Autriche-Hongrie	3
Province	3
Pile	3
Sainte	3
Saigon	3
Corso	3
Zurich	3
White-Lake	3
Baltique	3
Jonquière	3
Aboû-ben-Azbar	3
Saint-	3
Vladimir	3
Naples	3
Caracayali	3
Meudon	3
Indoustân	3
Réville	3
Cherokee	3
Barthès	3
Renovalès	3
Stamboul	3
Atlantide	3
Bojador	3
Cadix	3
Pierrefitte-Nestalas	3
Incendie	3
Ordoubat	3
Palais	3
Runcorn	3
Candolle	3
Freyne	3
Nuée	3
Siguiri	3
Turin	3
Tibériade	3
Béarn	3
Cornélius	3
Yunnam	3
Kin-la	3
Baie	3
Arménie	3
Luchon	3
Danube	3
Quilimane	3
Madrid	3
Wailua	3
Savalou	3
Écoute	3
Lemaire	3
Th	3
V.-F.	3
Guerne	3
El-Obéïd	3
Amour	3
Personne	3
Haye	3
Morbihan	3
Nordez	3
Liou	3
Archimède	3
Prague	3
Séoul	3
Pierre	3
Yunqueou	3
Angostura	3
Écosse	3
Contes	3
Jour	3
Lévrier	3
Gaza	3
Colonies	3
Sainte-Croix	3
Paré	3
Laos	3
Ces	3
Point-Coupé	3
Lui-même	3
Tel	3
Solio	3
Cameron	3
Port-Natal	3
Langson	3
Carteret	3
Diégo-Suarez	3
Arlberg	3
Maghreb	3
rue	3
Douarnenez	3
Estree	3
Poitiers	3
Vattier	3
Colombo	3
Crustacés	3
Rotifères	3
Goliath	3
Diatomées	3
Ou-banghi	3
Vascô	3
Belvédère	3
Hova	3
Spa	3
Kordofán	3
Còte	3
Dumoh	3
Venez	3
Actinies	3
Kita	3
Oldenbourg	3
hôtes	3
Kite	3
Tahiti	3
Aboû	3
Ohio	3
Montagne	3
Bédouin	3
Bagdad	3
Lumière	3
Cordillères	3
Denis	3
Nos	3
Mizon	3
Gironde	3
Choucha	3
Yang-tsé-Kiang	3
Guillaumet	3
Mampourga	3
Oued	3
Oubanghi	3
Bac-Ninh	3
Deurode	3
Mai	3
Itinéraire	3
Santa-Anna	3
Jardies	3
Tzengarie	3
Weismes	3
Luang-Prabang	3
Julius	3
Nankin	3
Celui-là	3
Tzengaris	3
Baleine	3
Caramba	3
Sydney	3
Porto-Novo	3
Besançon	3
Binger	3
Angers	3
Tidjânyâ	3
Grenade	3
Maman	3
Remington	3
Cobourg	3
Pronis	3
Singa-Poura	3
Saleh	3
Briare	3
Paris-Lyon	3
Pangong	3
Lassa	3
Digne	3
Gard	3
Los	3
Kéria-Kotal	3
Redcliff	3
Coîorab	3
Miquelon	3
Mary	3
Messie	3
Esnambuc	3
Lecanora	3
Ménabé	3
Explications	3
Ourga	3
Madras	3
Bengale	3
Adjumbas	3
Nazareth	3
Triongulin	3
Kafr-Daouar	3
Huber	3
Francs	3
Tche-Foo	3
Lapparent	3
Zoanthaires	3
Énigme	3
Chesnaye	3
Khône	3
Mechuego	3
Tatihou	3
Picardie	3
Eastman	3
Boulouwayo	3
Waterloo	3
Burton	2
Acora	2
N.-O.	2
Assam	2
Missis-sipi	2
Kane	2
POuest	2
François-Joseph	2
Arabl-Pacha	2
Grodno	2
Havane	2
Univers	2
Cabrai	2
Mathuisieulx	2
Zeyst	2
Betsimisaraka	2
Bruxellois	2
Beresow	2
Rochester	2
Giovanni	2
Soit	2
Cristo	2
Sonde	2
Munich	2
Kavalli	2
Cafres	2
Par	2
Annamite	2
Karagoué	2
Guérin	2
Corinthe	2
lAsie	2
Mohamed-ben-Abn-Bobakar	2
Bagamoyo	2
Dagana	2
Téatoua	2
Ahmadou	2
Attila	2
Wurtemberg	2
Duveyrier	2
Cordouan	2
Tumuc-Humac	2
Bathybiopsis	2
Béhanzin	2
Saint-Cyr	2
r.	2
Kuala	2
Laigle	2
Maquiritares	2
Chandni	2
Ilonolulu	2
Soumdji	2
Pie	2
Férida	2
Stafford	2
Kon	2
Kalahari	2
Bionnay	2
Imprimée	2
Bélisaire	2
Albéca	2
Msoua	2
Mobaye	2
Nollip	2
Jaffa	2
Ro-ko-ko	2
Chiré	2
Tou-Bouddha	2
Rosas	2
Pont-Aven	2
Schwyz	2
Bemarahq	2
Pacos	2
Manuel	2
Eurêka	2
Crampel	2
Wadelaï	2
Jadschutz	2
Secret	2
Inlandsis	2
Mahratte	2
deux	2
Ville-de-Céara	2
Haoussa	2
Gotonou	2
Long	2
Folgoat	2
Polypiers	2
Brachiopodes	2
Africain	2
Quettehou	2
Robert	2
Amérique-du	2
Orne	2
Pablo	2
Mercure	2
Hap-Mun	2
Mon	2
Vie	2
haut-fleuve	2
La'	2
Duck	2
Valparaiso	2
Est-il	2
Laure	2
Notes	2
Sang	2
Libertador	2
Amilcar	2
Mehier	2
Haéna	2
L’	2
Kamehameha	2
Tamise	2
Pretoria	2
Dê	2
Poungué	2
Grand-Bassam	2
Choupin	2
Père	2
Dieu	2
Appel	2
Résidence	2
Hurrah	2
Camille	2
Vive	2
Mongia	2
Vile	2
Saint-Nicolas	2
Teluk	2
Tien-tsin	2
Ouéma	2
Somersetshire	2
Abiras	2
Moyen-Age	2
Chio	2
Goûter	2
Madhî	2
États	2
Sillon	2
Betsiléo	2
Tadjoura	2
Coquillages	2
Sait-on	2
Revice	2
Brighton	2
Cherry	2
Falaise	2
Adrar	2
Mamat	2
Uvéa	2
Basques	2
Finmark	2
Mainli-Rano	2
Nicaragua	2
Ba-bé	2
Ahmed	2
Trois	2
Bordelais	2
Orenbourg	2
Berhampore	2
Allons-y	2
Kandy	2
El-Obeïd	2
Entre	2
Baromètre-Anéroïde	2
Bondy	2
Alb	2
Albréda	2
Saint-Quentin	2
Plan	2
Boërs	2
Apocalypse	2
Menton	2
Daïcho	2
Galilée	2
Aboù-ben-Azhar	2
Willoughby	2
Lan	2
Departements	2
Largo	2
Parisien	2
Cracovie	2
Jérémie	2
Cannes	2
Maidan	2
Franche-Comté	2
Bautie	2
Qu	2
Dusseldorf	2
Mahajamba	2
Zoroastre	2
Diehad	2
Méquinez	2
Béchuanas	2
Salut	2
Sorcières	2
Saint-Cloud	2
Eure	2
Lao-Kay	2
Nouvelle-Zemble	2
Leith	2
Ghamplan	2
Mang	2
Eglise	2
Flamanville	2
Manyemas	2
Liban	2
Var	2
Pise	2
Arno	2
Camaldules	2
Zoutpansberg	2
Morte	2
Capoue	2
Lilla	2
Ouvre	2
Han	2
Charair	2
Sèvres	2
Alvarado	2
Arlequin	2
Kénéné	2
Holoturies	2
Aix	2
Indou	2
Ismaël	2
Flandres	2
Km	2
Weymouth	2
Zacharie	2
Cornélia	2
Seine-et-Marne	2
Màdhî	2
Matadi	2
Bonne	2
Cocopas	2
Bisson	2
Fhô	2
Mpouapoua	2
Moldavie	2
Sivrizineck	2
Groult	2
Tbilda	2
Strasbourg	2
Sainte-Gudule	2
Tassard	2
Galibis	2
Astrup	2
Lomami	2
Champa	2
Rénnhlîrmp	2
Palio	2
Char	2
Cortez	2
Cauche	2
Bahira	2
Croisades	2
Grenard	2
Staf-fordshire	2
Satpoiiras	2
Bangtaphan	2
Fou-Tchéou	2
Anville	2
Barbarie	2
Sihl	2
Bombey	2
Sagres	2
Phu-ly	2
Chibchas	2
Saint-Charles	2
Perche	2
Po	2
Aramare	2
XVIIIe	2
Victoire	2
IXe	2
Abraham	2
Hérodote	2
Villa	2
Vay	2
Mâhdhî	2
Serbie	2
Dinornis	2
Llobregat	2
Hamon-ville	2
Sainte-Luce	2
Oubangui	2
Dalhousie	2
Han-Keou	2
Ré	2
Mâdhi	2
Bethsaïde	2
Marie-Galante	2
Colonel	2
Sétubal	2
Cáp	2
Elbe	2
Urumbi	2
El-Tasher	2
Bagnères-de-Bigorre	2
Privas	2
Pauillac	2
Yunnan	2
Pérouse	2
Louis-Philippe	2
Ie	2
Tell-el-Kébir	2
Durban	2
Oahu	2
BnF	2
Tiennent	2
Fécamp	2
Srinagar	2
Ras-el-Tin	2
Bulgarie	2
Caraldos	2
Grande-Gomore	2
Amirauté	2
Sarjéktjokko	2
Polynésie	2
Exmoor	2
Cléopâtre	2
Baggâra	2
E-toile-Blanche	2
Zuyder-Zee	2
Mostar	2
Khartoum	2
Anémone	2
Arid	2
Fier	2
Hendaye	2
Zoulouland	2
Saïgon	2
Jungle	2
Lé	2
Oukaranga	2
Edimburg	2
Phototypographie	2
^	2
Ehrenberg	2
Mont-Dore	2
Fattouma	2
Ismaïl-Pacha	2
Masina	2
Conrad	2
pénombre	2
Météore	2
Dublin	2
Kyzyl-Son	2
Vishnugupta	2
Vierge	2
JJne	2
Cobourg-Gotha	2
Cladorhiza	2
Ata-Bai	2
Yaro	2
Eiffel	2
Planchon	2
Kabylie	2
Bois	2
Dante	2
Artagnan	2
Rudok	2
Phu-Chau	2
Afghanistan	2
Cumberland	2
Yancouver	2
Tien	2
Breslau	2
Ménam	2
Loko	2
Norte	2
Tong-Doc	2
Lucerne	2
Shanghaï	2
Peyre	2
Savaï	2
Saint-Maurice	2
Sakarang	2
Dis-moi	2
Barata	2
Chantereine	2
Sahib	2
Préparatifs	2
place-des	2
Bourbon	2
Assyriologie	2
Kyzyl-Davane	2
Fontainebleau	2
Haïduong	2
Lualaba	2
Volontiers	2
Dundee	2
Cerbère-Port-Bou	2
Jeunes	2
Li-Wang	2
Yan-Gian	2
Humbert	2
Norwège	2
Kachgar	2
Rurik	2
Santiago	2
Divine	2
Tous	2
E.Claude	2
Polytechnique	2
Désespoir	2
Carthagène	2
Nan-Tchang	2
Arrouhimi	2
Aube	2
Gras	2
Valence	2
Yézo	2
Maria	2
Jes	2
Etatsdu	2
Fleuras	2
Ouaouira	2
Sepulveda	2
Édouard	2
Jeu	2
Ëgypte	2
Mogador	2
Barneville	2
Abou-ben-Azhar	2
Of	2
Doubreka	2
Massaouah	2
Kioto	2
Hung-Hoa	2
Amalie	2
Belles-Lettres	2
Hesse	2
Khong	2
Mangot	2
Jumna	2
Eternel	2
Nelson	2
Marloie	2
Tsyandavah	2
Samoa	2
Lefèvre	2
Ivoire	2
Dodds	2
Diane	2
Mlle	2
Lahou	2
Ànnam	2
Librairie	2
Beyrouth	2
Tuyen-Quan	2
Vautre	2
Religion	2
Oui	2
Jack	2
Laon	2
Tétouan	2
Joffre	2
Tripoli	2
Djema	2
Nyanza	2
Hougue	2
Saint-Esprit	2
Tyr	2
Dekkan	2
Lanjaliais	2
Alaï	2
Altyn	2
Angonis	2
Magroumba	2
Soliman	2
Bambara	2
Morondava	2
Tadjourah	2
Gloutonnerie	2
Chicanaio	2
Salström	2
Malines	2
Commissariat	2
Teghetoff	2
Soulbery	2
TOgoué	2
Fez	2
Lan-Pean	2
Màhdi	2
Samarkand	2
Yokohama	2
Yazoo-City	2
Allàh	2
Gaiser	2
Ogooué	2
Senorita	2
Granville	2
Puis	2
Columbia	2
Marine	2
Paso	2
Pontivy	2
Maricopas	2
Uri	2
Bodo	2
Silla	2
Cachèmire	2
Iobaka	2
Boutan	2
Mérou	2
Mopéa	2
Norfolk	2
Basse	2
Kaschgar	2
Walhen	2
Galles	2
Pausilippe	2
Pamiers	2
Tsé-Tsé	2
Tuas	2
Ion	2
Hendaye-Irun	2
Boubou	2
Tolède	2
Observatoire	2
Porcupine	2
Dominique	2
Araucanie	2
Penarvan	2
Malech	2
Vers	2
Pèrè	2
Jougre	2
Belleville	2
Transcaucase	2
Banghi	2
Pari	2
Togo	2
Nupé	2
Ne	2
Miséricorde	2
Jougla	2
Colon	2
Nordenskiold	2
Di-lop	2
Charles	2
Pnom-Penh	2
Voiendam	2
Ogoué	2
Iénisséi	2
Macina	2
Saint-Barthélémy	2
Texas	2
Kemmarat	2
•	2
Saumur	2
Vains	2
Iran	2
Jephson	2
Asmini	2
Montrouge	2
Maïranao	2
Tigré	2
Orphée	2
Saint-Vincent	2
Ghoa	2
Novgorod	2
Guernesey	2
Pénélope	2
Bushmen	2
Bad	2
Bara	2
Épinay-sur-Orge	2
Nawab	2
Leuse	2
Tung	2
New-Jersey	2
Czernowicz	2
Oka	2
Excursion	2
Tune	2
Lièvre	2
Deïr-ez-Zor	2
Goho	2
Tao	2
Vomero	2
Sables-d'	2
Lopez	2
Hess	2
Camard	2
Ting	2
Marolles	2
Six	2
Bastien	2
Taïkou	2
Laisse-moi	2
Ouadda	2
Gaston	2
Bernard	2
Graçay	2
Téraï	2
Colin	2
Jobourg	2
Junker	2
Trivier	2
Padre	2
Sokoto	2
Tahtara	2
Satpouras	2
Berkeley	2
Junon	2
Actinie	2
Ararat	2
Banzyville	2
Oro	2
Arago	2
Saint-Jacques	2
Lettres	2
Massa	2
Nogent-les-Vierges	2
Cou	2
Ma	2
Bâtie	2
Epineuse	2
Windsor	2
Mo	2
Astrakhan	2
Pans	2
Kabary	2
Frémont	2
Mahabo	2
Kampong	2
Sulitjelma	2
Taïti	2
Trajan	2
Sire	2
Society	2
Eu-rope	2
Ramon	2
Suffren	2
Azimbas	2
Moskovitz	2
Salivas	2
Rébiplique	2
Le.	2
Tchéfou	2
Pourquoi	2
la	2
Ipoh	2
Monnaie	2
Tche-foo	2
Saint-Vaast-la-Hougue	2
Haïti	2
Dagomba	2
Yalcade	2
Banjalis	2
Souf	2
VÉcureuil	2
Martigny	2
Mercy	2
Anatolie	2
Mpuapua	2
Pont-Neuf	2
Suberbieville	2
Sabine	2
Brunnen	2
Mahé	2
Présent	2
Foâ	2
Abbeville	2
Sousse	2
Cognac	2
Antioche	2
Essigny-le-	2
Lupin	2
Compiègne	2
Libye	2
Kardong	2
Réponds	2
Bouillon	2
Hanovre	2
Soubise	2
Ro-chefort	2
Fayet	2
Along	2
Peut-être	2
Nan-Chan	2
Wyllie	2
Barttelot	2
Måhdi	2
Boukary	2
Leblond	2
Orembourg	2
Lemoine	2
Normanby	2
Kach-garie	2
Ina	2
Pré-vost-Lemaire	2
Fort	2
Ouango	2
Niagara	2
Chinois	2
Gouma	2
retrouvées-à	2
Poméranie	2
Hérault	2
Dresde	2
Notre-Dame	2
Historiques	2
Dupleix	2
Lavoisier	2
Devon-shire	2
Rhins	2
Aug	2
Kara-Khan	2
Humayta	2
Voie	2
Djoucoun	2
Voici	2
Sais-tu	2
Canaille	2
Moucachfì	2
Voltaire	2
Ouiong	2
Bréda	2
Nina	2
Grô-lard	2
Kubza	2
Cornoso	2
Li-Hung-Chang	2
Breton	2
Quatre	2
Cygne	2
Corniche	2
Nigotte	2
Sergent-	2
Histoire	2
Nan	2
Red-Cliff	2
Saint-Lazare	2
Haut-Nil	2
Achaguas	2
Miguel	2
Christiania	2
Florac	2
Guaycas	2
HéligoIand	2
Ustinn	2
Ohl	2
Raffet	2
Pontassiève	2
Quirinal	2
Auk	2
Sain	2
Léna	2
Ismalun	2
Malgré	2
Feroë	2
Trajet	2
Counani	2
Soumdji-tso	2
Folkestone	2
Tipuani	2
Amstetten	2
Bukoba	2
Urville	2
Hirudinées	2
Austrasie	2
Nancy	2
File	2
Matabélé	2
Pratique	2
Montcalm	2
Acadie	2
Klaproth	2
Lothon	2
Montbars	2
Barbery	2
Porero	2
Orta	2
Kew	2
Pluralitédes	2
Inutile	2
Santander	2
Lombrics	2
Tu	2
Mexico	2
Pinzon	2
Baredo	2
Lightning	2
Tristes	2
Fon	2
Ara	2
Catat	2
Saint-Roch	2
Billets	2
¾	2
Confession	2
Ouatom	2
Emin-Pacha	2
Ftéhimé	2
Philippines	2
Maelström	2
Djehad	2
Cabo-Machicaco	2
Ire	2
UN	2
Pitelf	2
Transylvanie	2
Mouley-Hassan	2
Austin	2
Holtenau	2
Xénophon	2
Chil	1
Danse	1
Gélima	1
Euménides	1
Loven	1
Saint-Goihard	1
Zimbàoé	1
Alée	1
Uight	1
Cyrin	1
Krems	1
Ëwne	1
Tewfick	1
Propagande	1
Mon-Adjeran	1
Bengali	1
Paris-Lyon-Méditerranée	1
Gournay	1
Badofeya	1
Hottentots	1
Lara-Coëllo-	1
Porto-Bello	1
Chang	1
Berggrem	1
Fdörö-nia	1
Câ	1
Accadi	1
Hieng-Kong	1
Tinghirma	1
Cancer	1
Sarthe	1
Chuang	1
Pinka	1
Saint-Gilles	1
VHistoire	1
Salisbury	1
Marsiliacées	1
Foussat	1
Toujours	1
One	1
Shamrock	1
Satuleriana	1
Bélize	1
Claissac	1
Ponts	1
Bayouda	1
Pagrim-la	1
Architecture	1
Fashoda	1
Tanariarivë	1
Pizzighelli	1
Singé	1
Diego-Suarez	1
Parias	1
Negro	1
Vénézuela	1
Ngnové	1
Ghiato-phausia	1
Bruxelle	1
Lacombe	1
Unocéande	1
Rosa	1
Jong	1
Ban	1
Bangala	1
MAYNE-REID	1
Astérides	1
Brezolle	1
Huasco	1
Autres	1
Valin	1
Hongrië	1
Bizert	1
Ego	1
2m	1
Faux	1
Radcliíf	1
Ecoutez	1
Saint-Ra-phaél	1
Pen-trée	1
Plata	1
Tâboraj	1
Hornafvan	1
Déléçato	1
Mire	1
Lecideamyrmecinast	1
Kambia	1
Mer-sey	1
SantaAnna	1
Sénèque	1
Acklouck	1
Igor	1
Blohm	1
Taß	1
Marie-Amélie	1
Seres	1
Nousn	1
Louve	1
Rauk	1
Ost-ïndes	1
Peryn-Placer	1
Ma-ghreb-ei-Aksa	1
Nolde	1
Qüelquës-uis	1
Bor-deaux-Saint-Jean	1
Polydora	1
Eu	1
Bandol	1
Élats-Unis	1
Prêles	1
Raoul	1
Daoïidt	1
Archinard	1
Falgoat	1
Gobi	1
Flanque	1
Roscoff	1
Acklouch	1
Tzengar-ies	1
Oiern	1
Kourdon	1
Petit-Croix	1
Introduits	1
Kachmîride	1
Crois-moi	1
Nechao	1
Pahouins	1
Ross	1
Annibal	1
New-Yorkun	1
Em	1
Sirah	1
Tonkiri	1
Jöíïre	1
Montéfik	1
Médas	1
Un.	1
Koukouna	1
Minnesota	1
Šul	1
Edmond-Barthès	1
Verroterie	1
Iakoutsk-	1
Ca.prée	1
Ordonne	1
Thiver	1
Rhan-Minyeli	1
PacosUne	1
Plaidoyer	1
Séñor	1
Ovide	1
Mercy-Bay	1
Rauite	1
Balalaïka	1
Tsar	1
Heriry	1
Saint-Nazaire	1
Sallanches	1
Urapport	1
Munyémas	1
Thiassalé	1
Grò	1
Deroutë	1
Cata	1
Ulm	1
Guiscard	1
Guchillo	1
Sèrgent-Malamine	1
Ramayana	1
Carabane	1
Eccles-sur-mer	1
Marie-Thérèse	1
Terre-Hill	1
Prudent	1
Ar-chivac	1
Carinthie	1
Ville-Lumière	1
Rochelle	1
Àrcadie	1
Liesegang	1
Jòncqúièrëet	1
Mac	1
Touaourou	1
Satchjoon	1
Bulgares	1
Còuque	1
Bouches-du-Rhòne	1
Manoa	1
Thomassinin	1
Sofalapour	1
Dodjo	1
Saire	1
Loïsë	1
Secretaire	1
Mah-rat	1
Bahr-el-Arad	1
Si-méon	1
Est-Quest	1
Huckel	1
Ramassez-le	1
Tempête	1
Nissor	1
Kari	1
Chafîanjon	1
Mapiri	1
George-Town	1
Manne	1
Mettili	1
Traoscaucase	1
Zénith	1
Loing	1
Foula	1
Devoirs	1
Timmenié	1
Houaïn	1
Nya	1
Càntàl	1
Kone-dine	1
Sar-daigne	1
Regarde	1
Ceux-ci	1
Watt	1
Ilaut-Oubanghi	1
Borbu-raia	1
Scaramouçhe	1
Pilâtre	1
4jours	1
Sahedj	1
Malatsy	1
Salm-Dyck	1
Senors	1
Leipzig	1
Kharloûm	1
Plougastel	1
Madrépore	1
Bénitier	1
Enconséquence	1
Gudbrandsdal	1
Joua	1
Solférino	1
Perdita	1
Blanque-Ue	1
De-Thanl	1
Tafi	1
Senorl	1
Sôsaäùitfel	1
Étude	1
Koundi	1
Suis-moi	1
Angmagsalik	1
Aisne	1
Hang-Chpw	1
Kassai	1
Pogranitcknaia	1
Jionsde	1
Mise	1
Dino	1
An-thiam	1
Bâgamoyo	1
Tiourourt	1
Dhiul-onké	1
Raille	1
Aïnchànd	1
Rouviliois	1
San-Kang-sin-che	1
Balaklava	1
Ollioules-Samary	1
Yaal	1
Tippo-Tip	1
Brosiilard-Pajdbirbi	1
Grudge	1
Ruspouli	1
Bornou	1
Hotiin	1
Ches-naye	1
Supprimez	1
Ilobart	1
Caciques	1
Paulus	1
Saiàt-Laurent	1
Bois-de-Boulogne	1
Mallel	1
Languac.	1
Satledj	1
Hong-kong	1
Hayang	1
Voatie	1
Tanana	1
Mahométans	1
Hávre	1
Méhemet-Ali	1
Coulon	1
Minute	1
Anthropophagie	1
Ribérac	1
Muezzin	1
Dakota	1
Tokar	1
Raskol	1
Indous-tan	1
Pieter-Maritz-burg	1
Zola	1
Tepas	1
Saint-Patrick	1
YAnatomie	1
Vien-Chan	1
Fôr	1
Rencontre	1
Boürgouin	1
Bonnaire	1
Beaune	1
David	1
Ma-Tsuraï	1
Mlanje	1
Epiornis	1
Rosalia	1
Lombardie	1
Ircp	1
Pinçon	1
Felletin	1
Pagny-	1
Singulière	1
Maiaì	1
Vien-Chau	1
Seguin	1
Ililario	1
User	1
Mac-Mahon	1
Monroë	1
Gredin	1
Classe	1
Soumpé	1
Saltda	1
Còrnéli	1
Saint-Domingue	1
Denfert-Rochereau	1
Phréo	1
PacosI	1
Grouchy	1
Kassnnrkt	1
Jaissé	1
Moukden	1
Salta	1
Delgado	1
Monomoriumpharaonis	1
Marina	1
Adjumba	1
Post-office	1
Lémoine	1
Puerto-Cabello	1
Neakomm	1
Casllërea	1
Tim-bouctou.	1
Anosibe	1
Oa	1
Tromsoe	1
Röraas	1
Wallis	1
Mes.	1
Vrai	1
Bariguelo	1
Narmada	1
Mossamédès	1
Apronàge	1
Juquel	1
Eastham	1
Bouna-Ndiàye	1
Dax-Mimbaste-Pau	1
Natchez	1
Aldfs	1
Oued-Ouarghla	1
Kurope	1
Or	1
Os	1
Dix	1
Manjakandrianombana	1
Pouchet	1
Ranfroy	1
San-Franoisco	1
Cia	1
Boulsi	1
Sidney	1
Xe	1
Yangtsé	1
Transformations	1
Goûtera	1
Robinson	1
Suberbie	1
Andovoranto	1
Yehib-Koul	1
VAtlantique	1
Susse	1
Grôlardou	1
Metropolitan	1
Britannia	1
Chèpaja	1
Groiard	1
Verna	1
Bellingshausen	1
Praslin	1
Tesprit	1
Duroch	1
Baœm	1
Darfour	1
Canàries	1
Villefranche-sur-Mer	1
Nyassaland	1
Laurvig	1
Maggyars	1
Ttm	1
Grand-Bas	1
UVapprêtaUàentreprendre	1
Kouvdistan	1
Sphaigues	1
Wellington	1
Emin-Pàcha	1
Loire-Inférieure	1
Solen-hofen	1
Dunn	1
OEdip-Roi	1
Baga-i-moyo	1
Ahuri	1
Hau	1
Subdul	1
Murgadeh	1
Cotonou	1
Pélcini	1
Phu-Lang-Th'	1
Gondwana	1
Tur-kestan	1
Éelta	1
Goudreau	1
Mont-Dore.	1
Colombie	1
Clozel	1
Chiné	1
Aeria-City	1
Chaussures	1
Jofirre	1
Filhol	1
San-Franciscõ	1
Panthéon	1
Citeaux	1
École	1
Shang	1
OuIoundi	1
Albion	1
Madan	1
Áboù-ben-Azhar	1
Esprit	1
Ca	1
Shervington	1
Kirkintilloch	1
Hannington	1
Kauaï	1
Azingo	1
Timagène-Houat	1
Huit	1
Kano	1
Ta-minakka	1
Brunelle	1
Magdala	1
Nia-fouùie	1
Sampoula	1
Aucun	1
Missy	1
Nivernais	1
Indian-Territory	1
Gourounsi	1
Coisacama	1
Berge	1
Hastiere	1
Fouga-Tabou	1
Dali	1
Tlndo-Chine	1
Oppresseurs	1
Tobolsk	1
Gouey	1
Ankori	1
Daly	1
Kous-sounda	1
Ismaïl-Pácha	1
Mananjory	1
Laijrabec	1
Pouzols	1
Tacoma	1
Futteh	1
Antongil	1
Gro-Batou	1
Frappe-moi	1
Ombres	1
Gamalitide	1
Souviens-toi	1
Pham-Dinh-Phuong	1
Gœschenen	1
Masikora	1
Manambolò	1
Foulani	1
Amoûr	1
Daguerre	1
P.-L-M.	1
Atanekerdluk	1
Kief	1
Djenné	1
Axelilt	1
Amaranthe	1
Wráth	1
Abou-ben-Azar	1
Hombre	1
Kòne-dine	1
Hypocrisie	1
Péquipage	1
Cármenitó	1
Safah	1
Tenser	1
Kpanga-Louga	1
Gity-of-New-York	1
Portes-Saint-Jean	1
Roumalitza	1
Mayométanskoié	1
Campagne	1
Manambolo	1
Tanganyka	1
Élien	1
Rouire	1
Meda	1
Ecclésiaste	1
Rossi	1
Fonvieille	1
In-w	1
Oujiji	1
Hull	1
Ledifficile	1
Saint	1
Amboulisate	1
Fabandon	1
Rends-la-moi	1
Pont-Noyelles	1
Alorg	1
Andranoboka	1
Ula	1
Pompée	1
Holtenia	1
Dinant	1
Prêt	1
Sid-es-Se-noussi	1
Afrique-orientale	1
Bhar-el-Ghazal	1
Saône	1
Compony	1
Dauphin	1
Poix	1
Mandara	1
Pré-ost-Lemaire	1
Bédiguéh	1
Dàóud	1
Isigny	1
Yassoun-Gilgitet	1
Fergana	1
Catherine	1
Bilan	1
Koundaia	1
Hiing-Yen	1
Gicéron	1
Balkans	1
Colombia	1
Ventrée	1
Çakya-Mouni	1
Chalignac	1
Beaucèron-Percherou	1
Réjade	1
Shan-Toung	1
Salm	1
Arsal	1
Mo-hamed-Abn-Bobakar	1
Georges-Edmond	1
Sardinero	1
Tué	1
Jacoberger	1
Schiller	1
Situojauri	1
Peronospora	1
Nyangara	1
Es-tu	1
Fox	1
Iassouton	1
Brisingidœ	1
Blakenv	1
Ordre	1
Tahitï	1
Primes	1
Pogranitchnaia	1
Iiung-Yen	1
Ikopa	1
Cey-lan	1
Egbas	1
Tartaroli	1
Howard	1
Ballon-	1
Kokonor	1
Pantalon	1
Gobourg	1
Vahigny	1
Losne	1
Sainte-Marie-de-Bathurst	1
Lulu	1
Vt	1
Tell	1
Mathüisieülx	1
Châtoaubriand	1
Ànda	1
Surcouf	1
Nord-Est	1
Ba-gnères-de-Bigorre	1
Ephèse	1
Rentrant	1
Cbonpin	1
Vieilli	1
Ligne	1
Aiguilles	1
Zélande	1
Che-Kiang	1
Éléonore	1
Çã	1
Délivrer	1
Philippeville	1
Sou-dan	1
Puerta	1
Song-Cau	1
Koggabas	1
Terre-	1
Palerme	1
Lemonu	1
Ban-galor	1
Latty	1
Sandjou	1
Pyade	1
Dour-gouk	1
Leroy	1
Budapest	1
Outils	1
Ciron	1
Bigorre	1
Aquarium	1
Tlbdt	1
Chronique.	1
Corte-Real	1
EtátsUnis	1
GrÕnland	1
Han-kéou	1
Figure-toi	1
Quito	1
Angterre	1
Eux	1
Bamakou	1
Poggi	1
Achantis	1
Khartoûm	1
Wande	1
Tandis	1
Pensylvanië	1
Fou-Tt-héou	1
Boyer	1
Francfort-sur-	1
Zin-babye	1
Talcahuano	1
Boghaz	1
Attakrou	1
Mâthi	1
Rocroi	1
Ma-cina	1
Geslard	1
Alost	1
Touan	1
Sidon	1
Scandinaves	1
TUtâh	1
Miljacka	1
Malannbandy	1
Kankan	1
Stalham	1
Mésopotamie	1
Oustalet	1
Pollet	1
Gentoschwa	1
Kien-dwen	1
Kenia	1
Différences	1
Jltf	1
Capitaux	1
Bouddah	1
Antonio	1
Océans	1
Mollusques	1
Brahmapoutra	1
Taiping	1
Mesquines	1
Minas-Novas	1
Aristophane	1
Daube	1
Japonais	1
M.Mallet	1
Bi	1
Grandcamp	1
Malabar	1
Victoria-Nyanza	1
Agrarady	1
Moinan	1
San-Fran-cisco	1
Sainte-Geneviève	1
Dewan	1
Yoüs	1
Petit	1
Trabévitch	1
Sardã	1
Malli-Nké	1
Desperles	1
Hippolyte	1
Dogo	1
M.le	1
Belle	1
Banyo	1
Çonvérsát	1
Lamortdunchef	1
Simbirsk	1
Guahibos	1
Mahmoud-Pacha	1
Putnam	1
Océan.	1
Ousinja	1
Weyprecht	1
CH	1
Radiolaires	1
Arnaud	1
Pompadour	1
Djoucoum	1
Schirnauer	1
Estrêe	1
Constanti-	1
Carnivore	1
Bîcharîn	1
Machilla	1
JLondres	1
Séquoias	1
Sans	1
Légende	1
Fignorance	1
Ignacio	1
Kiakhta	1
Tuileries	1
Arrière	1
Hautes-Alpes	1
Ba-koundi	1
Dwan-i-Khas	1
Dieppois	1
Wolseley	1
Hualapaï	1
Caton	1
Païs	1
Polka	1
Versa	1
Verso	1
Bas-Ogòoué	1
Toutça	1
Tur-kestân	1
Bénédictine	1
Halter	1
Villersex	1
Equisétacées	1
Colne	1
Etton	1
Toumandi	1
Galliéni	1
Rang	1
Monte-Carlo	1
Battaks	1
Turenne	1
Laurie	1
Bouassil	1
Butumbi	1
Graffe	1
Venu	1
Red-River	1
Antsirabé	1
Èmyrne	1
Saris-Koul	1
Gloria	1
Daï-Ham	1
Europet	1
M'	1
Rothschild	1
Wicks-burg	1
Cârmenito	1
MacCormick	1
Tamerlan	1
Touât	1
Musiqueet	1
Jossec	1
Gochi	1
Aybassa	1
Bentheim	1
Tarrière-garde	1
Pensylvanie	1
Tenge-Tenge	1
Bourrgouin	1
Tananarivé	1
Indiana	1
Sabineau	1
Falkland	1
Bahr	1
Assieds-loi	1
Mémor	1
Kara-gué	1
Zuccarelli	1
Mélânësie	1
Balance	1
Égalité	1
Penjab	1
Changer	1
Rochechouart	1
Flacq	1
Bory	1
15o4	1
Michelef	1
Recevez-moi	1
Borghèse	1
Byssacées	1
Baldwin	1
Celle-ci	1
Taris	1
Meeruti	1
Patagonia	1
Béziers	1
Limba	1
Cattac	1
Saint-Sébastien	1
Archtmède	1
Belles	1
Dobignard	1
Monarch	1
Nive	1
Taraatave	1
Hornafvän	1
Boisdefîre	1
Chetopodes	1
Tétuan	1
Huitcents	1
Icit	1
Bvisdeffre	1
Machazé	1
Permettez-moi	1
Oro-Atouina	1
Cher-chell	1
Aussitôt	1
Mi	1
Écritures	1
Consuma	1
KaYan	1
Culebra	1
Gaston.de	1
Bunelle	1
Sous-sairie	1
British-East-Africa-Company	1
Cio	1
Portbailoù	1
Digh	1
Oburon	1
Kouadiofikorou	1
Second	1
Hobart	1
Southarnpton	1
Doigt	1
Wagòn-liU	1
Bellengreville	1
Dris	1
Survey	1
Nalpies	1
Croizier	1
Aaron	1
Boule	1
Pérl	1
Largentière	1
Lobeït	1
Zéiande	1
Francè	1
Alima	1
Guelma	1
Aérophile	1
Bu-iumbi	1
Cestode	1
Virunyo-Viagungo	1
Señorita	1
Péra	1
RoberUloudin	1
Qgooue	1
Horpa-tso	1
Saint-Benoît	1
Aboû-beu-Azhar	1
Entendu	1
Chamblys	1
Jean	1
Verazzano	1
Sangsues	1
Tracy	1
Sarak-tong	1
Amaed-Dialli	1
Adou	1
CharlesjH	1
Medjerda	1
Melbourne	1
War-rington	1
Sierra-Léone	1
Dervish-Pacha	1
Madréporaires	1
Krüpp	1
Trajane	1
Klephtes	1
Pô	1
Samara	1
Cañada	1
Aboö-ben-Azbar	1
Lianor	1
Maya	1
Tong	1
Sérères	1
Thérèse	1
Caucasie	1
Aubusson	1
Loukouga	1
Diaga-Dior	1
JulesSéguin	1
Siu	1
Ruas	1
Ourthe	1
Observations	1
Relève-toi	1
Thorvald	1
Loualaba	1
Pendjab	1
Haroun	1
Ltalia	1
Viennam	1
Jcam-mok-koan	1
Chaumont	1
Bédaguéh	1
Vuviatiles	1
Peï-Ho	1
Âh	1
Badoula	1
Laerne	1
Tripolitaine	1
Dinàrd	1
Mandan	1
Hœckel	1
Imp.	1
Mar-seille	1
Greil	1
Noùrriture	1
ÏAiphée	1
Sierra-Léo	1
Neuf	1
Reningtonn	1
Andiaramac	1
Elleétàit	1
Lune	1
Kergara-dec	1
Grombchevsky	1
Charàcées	1
Winter-Harbred	1
Mištassini	1
Àtouas	1
Tudor	1
Juîias	1
Bangkok.	1
Belogli	1
Tewfìck	1
Osterdal	1
Parija	1
Rama	1
Tapacára	1
Loèd-Maire	1
Mers	1
Rethel	1
Kam	1
Chimie	1
Carnotville	1
Genlan	1
Depuis	1
Serdze	1
Nõrij	1
Jules	1
PArizoaa	1
Brigue	1
Ebris	1
Bélouchistan	1
Capetowtf	1
Ferté-Aleps	1
Monpère	1
Bienhoa	1
Cu-chillo	1
Récréations	1
Othman	1
Hia	1
Dalghish	1
Péking	1
Évangile	1
Alsace	1
Ifrie	1
Pensais-tu	1
Thàï-Nguyën	1
Damrong	1
VaiCai	1
Moriti	1
Saratov	1
Saint-James	1
Ai.osi	1
Baol	1
Ali	1
Echaouré	1
Insinuations	1
Ala	1
Baffin	1
Pan-glima-Laout	1
Beaulieu	1
Kamehamëha	1
Dane-Suède	1
Dautjeh	1
Berberah	1
Whydah	1
Saint-Hubert	1
Minorque	1
Guadalüpe-Hidalgo	1
Bafoulabé	1
Cacique	1
Agrá	1
Réunie	1
Montkil	1
Thomas	1
Sankuru	1
Akba	1
Rodolphe	1
Engore	1
Rebu	1
Ghaamba	1
Pauj	1
San-Felipe	1
Winceslas	1
Django	1
Spécœologie	1
Montfort	1
Kabela	1
Cíaderia	1
Pe-Tchili	1
Gapge	1
Hirondelle	1
Sergent-Malamiiie	1
Pongo	1
Sapristi	1
Araignées	1
Neukpmm	1
Grand-Sablon	1
Lesnouvelles	1
Sakalava	1
Ii	1
Bethléem-	1
Douces	1
Apache	1
Les.	1
SainWJacques	1
Timbati	1
Systèmes	1
Mondego	1
Regent	1
Godofa-lassi	1
Delaware	1
Soyez	1
Thomme-canon	1
Sages	1
Harvey	1
II	1
Campan	1
Waianaé	1
Embrassez-la	1
Ismaïl-Pacha-Ayoub	1
Messine	1
Voit-il	1
Dàoud	1
Kodna	1
Latre	1
Aude	1
xiv6	1
Maréan	1
Largeau	1
Montluçon	1
Abedi	1
Capharnaum	1
Mon-tezuma	1
Gravière	1
Maugreb	1
Steaub-bach	1
Bosio	1
Pennmark	1
Zeug	1
Picards	1
Mébémet-Àli	1
Limousin	1
Dolisie	1
Ghbès	1
Chalon-sur-Saône	1
Kanem	1
Iloshangabad	1
Brakna	1
Loukong	1
Koàna	1
Couteaux	1
Bank	1
Arctique	1
Quelques	1
Styrie	1
Gougourtlik	1
Transsa	1
Ivan	1
Bàrlejo	1
Vilvarde	1
Douville	1
Khan-Minyeh	1
Mesurado	1
Ioniennes	1
OIof	1
Alláh	1
Bullock	1
Mazulekalze	1
Spezzia	1
Ghambâa	1
Lézallon	1
Mascate	1
Mashonas	1
Pàge	1
Buy-Yan-Ngnoc	1
Mazulekatze	1
Tambour	1
Arrêts	1
Quelqu’	1
Corricopöulo	1
Fada	1
Goléa	1
Blerzi	1
Liti-cine	1
Williams	1
AngleterreMl	1
Béni-Sakr	1
Fabri	1
Fontaine	1
Doucha-Bai	1
Kerguélen	1
Kissi	1
Lambèlin	1
Reisen	1
Shirwa	1
Grolard	1
Biscaye	1
Oumkoni	1
Fuite	1
Sainte-GuduIe	1
Chimilas	1
Mauï	1
Jiancée	1
Oreste	1
Amena	1
Vérone	1
Joulsi	1
Turkestân	1
Holstein	1
Frendenreich	1
Dahlgren	1
Léopold-ville	1
Balàklava	1
Bariba	1
Tour-nel	1
Saint-Sigis-mond	1
Kassnaclit	1
Jemtland	1
Vapeur	1
Bësànçon	1
Colbert	1
Madamine	1
Danagala	1
Anila	1
Cádix	1
El-	1
Dalma-nutha	1
Table-Montain	1
Paradiso	1
Ounyoro	1
AIi-Káli	1
Mes-	1
Rouennaisne	1
IIe	1
Varsovie	1
Musacées	1
Loriënt	1
Monbasa	1
Gopeng	1
Jamestown	1
Antankares	1
Ouaraïl	1
Mois	1
Âvodotia	1
Inflexible	1
Mongalla	1
Sianaka	1
Saint-Guénolé	1
Joie	1
Corinne	1
El-Batiha	1
Soussairie.	1
OOOmètres	1
Poncins	1
Karikal	1
Jarïça	1
Tourmaline	1
Fungia	1
Liverpoól	1
Reno-valès	1
Loclk	1
Grimée	1
Yien-Chau	1
Linguglia	1
Sagallo	1
Louvain	1
Libert	1
Kâchgîl	1
Calvercaad	1
Locle	1
Habitat	1
Bonnier	1
Tokio	1
Winches-ter	1
Mémoire	1
Mont-Prabat	1
Chaiba	1
Valembreuse	1
Compïègne	1
AVa-delaï	1
Prance	1
Trasimène	1
Superficie	1
Mesa	1
Tefiet	1
Disch	1
Disco	1
Company	1
Charleston	1
Simcon	1
Langenberg	1
Bab-el-Mandeb	1
Périgueux	1
Jameson	1
Revel	1
Zagouan	1
Tibati	1
Cuzco	1
Aïn-Tabigha	1
Cura	1
Ouled-Sidi-Cheikh	1
Hammam	1
Chihuahua	1
Bonjoµr	1
Cervara	1
Pujols.	1
Cotchy	1
Delta	1
Dînant	1
Polypes	1
JofTre	1
Tbm	1
Maurice-Nouvelle	1
Toìig-Doc	1
Jaurie	1
Six-Jeunes-Hommes	1
Miseglia	1
Enough	1
Melitta	1
Lang-son	1
Baïkal	1
Oude	1
Adélare	1
Tarente	1
Annonciade	1
Arca	1
Singapoor	1
Visite	1
Ministère	1
Sonora	1
Karachar	1
Stia	1
Lituus	1
Vosges	1
N'	1
Êpée	1
Laurenço-Marques	1
Áurigny	1
Dargilan	1
Gaëte	1
Garaïl	1
Middletown	1
Télégraphes	1
Tapah	1
Sourya	1
Thuringer	1
East-Grinstead	1
Bào-Ha	1
Windermere	1
Imbert	1
Diplômes	1
Jacques-duzès	1
Chaouia	1
Picault	1
Protectorat	1
Wadelai	1
Karagoue	1
Iira	1
Bradley'	1
Canterbury	1
Montézuma	1
Iaypour	1
Song-Gam	1
Envoie	1
Banjaris	1
Védas	1
Gorinthe	1
VAmazone	1
Dinh-lap	1
Esl-ce	1
Une	1
Silangue	1
Makéda	1
Sardaigne	1
Tänanarive	1
Sambatiguila	1
Pâques	1
Lucania	1
Serk	1
Amazones	1
Défiances	1
Pascany	1
Derbyshire	1
Briey	1
Cochin-chirie	1
El-Goléa	1
Trône	1
Uni	1
Chaussées	1
Ghardaïa	1
Casanare	1
Meurthe-etrMoseUe	1
Forlescue	1
Santas	1
Fantaisie	1
Hom	1
Châtiment	1
Jéta	1
Hou	1
Parèh	1
Chnuveau	1
Philippes	1
Cireau	1
Quettehòu	1
Montlhéry	1
Tink-Faisan	1
Travailleµr	1
Diavolo	1
Polou	1
Zumbo	1
Mexicano	1
Kördofân	1
Rozier	1
Aussie	1
Acalèphe	1
Thugga	1
Potchestrora	1
Hougre	1
Baratier	1
Muller	1
Plassey	1
Morval	1
Vermillon	1
Koåna	1
Laghouat	1
Andalousie	1
DMiobertson	1
Pizarro	1
Moud	1
Tink-Faïsan	1
Liancourt	1
White-River	1
Toüt	1
Kibongé	1
AlIada	1
Kàf-Ddouar	1
Goyaz	1
Diego-Garcia	1
Nieuport	1
Pàuí	1
Whiting	1
Rolloti	1
Porc	1
Ramadan	1
Extrême-Nord	1
Fonla	1
Quesey	1
Me-chan	1
Neuvième-concours	1
Etrange	1
De-I	1
Muren	1
Trieste	1
Ba-Fing	1
Madere	1
Serravezza	1
Procureur	1
Imon-char	1
Gou-bert	1
Scbegga	1
Asie-Mineure	1
Iâ	1
Duñkerque	1
Bòne	1
Etait-il	1
Embarras	1
Somalis	1
Rappellent	1
Thun-tian	1
Crains-tu	1
Dergâwa	1
Trouville	1
Teburbo	1
Bemena	1
Cochinçhine	1
Nilv	1
Monte-	1
Apchon	1
Ischia	1
Nègres	1
Judée	1
Moukdan	1
Ieidy	1
Antanala	1
Mya	1
Sharp	1
Lâches	1
Creusé	1
Légendes	1
Cherrv-Creek	1
Varietes	1
Tengri-nor	1
S-E.	1
Lénoué	1
Echinides	1
Richárdson	1
Hong-Khay	1
Ban-diagara	1
Voyez-vous	1
Kiron	1
Aloatra	1
Sombroste	1
Battak	1
Maladoué	1
Neuve	1
Pyrénées-Orientales	1
Ures	1
Ralliement	1
Sufder-Jung	1
Sahel	1
Mouvement	1
Forsete	1
Oçmar	1
Valenta	1
Peau	1
Cherry-Creek	1
Guthria	1
Fritz	1
Dacty	1
Dingaan	1
Mantosoa.	1
Coiffure	1
Kaffir	1
Big-Foot	1
Hi-lario	1
Cladina	1
Moussingazi	1
Ripault	1
Miosen	1
Broughton	1
Ruspo	1
Hanover	1
Reviie	1
Saint-Ivan	1
Desange	1
Obbia	1
Huolapaï	1
Il	1
Martyrs	1
Craintes	1
CapitòIe	1
Chapuis	1
Koràn	1
Barthélémy	1
Charmante	1
Katombela	1
IsFaël	1
Ël-Obéïd	1
Bar	1
Nouvelle-Espagne	1
Roala	1
Chro-	1
SàiJa	1
Politique	1
Médailles	1
Godrington	1
Antila	1
Casimir	1
Béni-Laam	1
Samanô	1
Telsin-tchou-ky	1
MeissaTÇellé	1
Saint-Jean-de-Luz	1
Bouloupari	1
Polainquiète	1
Ritenbenk	1
Hãut-Nil	1
Mon-Cay	1
Allenlagne	1
Boulou-wayo	1
Scindia	1
Rsrculanum	1
Hani	1
Rosbach	1
M-A	1
Briton	1
Espagn	1
Poggio-Silvestro	1
Joa-nàl	1
Ecrehous	1
Joyeuse	1
Pélis-sier	1
Dakchina	1
Primauguet	1
Yoguë	1
Vivaldi	1
Suffit	1
Méduse	1
Sivan	1
New-Haven	1
Debay	1
Tong-doc	1
Tim-bouctou	1
Sorbonnë	1
Attente	1
Lee-kuy	1
Gaudry	1
Cosmogonie	1
Taire	1
Joué	1
Attaque	1
Lowels	1
Lur-Löch	1
Mâbdî	1
Compan-Berg	1
Harold	1
Cameroon	1
Zingari	1
Monteiì	1
Sàrjektjòkko	1
Caballeres	1
Freccere	1
Tafilelk	1
Alluh	1
Quatrième	1
Carnot-ville	1
Adelsberg	1
Rifl	1
Sybaris	1
Manotá-nana	1
Bamba	1
Fétichistes	1
Cultes	1
Timbre-poste	1
Nou-veau-Monde	1
Shuï	1
Aboú-ben-Azhar	1
Gouge	1
Martorell	1
Iinde	1
Kindo-Chine	1
Géographiquement	1
Jourdain	1
Gravelotte	1
Juii	1
Plan-chez-du-Morvan	1
Mœandrina	1
Littré	1
Tromsoë	1
Qu’	1
Mahométan	1
Monaouashi	1
Missìssipi	1
Catina	1
Haut-Niger	1
Félachas	1
Klep-Kiver	1
Loìse	1
Kémarat	1
Maunoir	1
Ferret-Jay	1
Dubréka	1
Arthur	1
Ura	1
Délicieuse	1
Mettons-les	1
Goulard	1
Vruka	1
Antee	1
Acta	1
Abjecte	1
Alaotra	1
Ghorazin	1
Borburatã	1
Michigan	1
Foe	1
Grand-Lahou	1
Helvétie	1
Mackenzie	1
Fernaii-Vaz	1
Costa	1
Joe	1
Ivéns	1
Jon	1
Emploi	1
Yves	1
VaRrèsrmidi	1
VIrlande	1
Lui	1
Cicéron	1
Antécédents	1
Mà-Maù	1
Sha	1
Halk-el-Mengel	1
Mag-dalena	1
F.Dillaye	1
Normands	1
Song-Koï	1
Múnie	1
Hang-Kang	1
Grand-Esprit	1
Vladivostok-sur	1
Rieker	1
Brexzolles	1
Vindiana-Magazine	1
Merkenæss	1
Cachemi	1
Béul	1
Philanthrope	1
Gounounsoza	1
In-diana	1
Lan-e	1
Cochin-chine	1
Cbéops	1
M.Decazes	1
Leré	1
Dþiôli-Ba	1
Palos	1
Shan	1
Quartz	1
Capc-To	1
Demande	1
Nurernberg-Furth	1
Hledwigia	1
Fousan	1
Khartoùm	1
Celles	1
XIIe	1
Ozongué-se	1
AlIâh	1
Betsiboka	1
Beauce	1
Kébao	1
Royan	1
Yois-tu	1
Dessoudeix	1
Whampoa	1
Reine-des-Neiges	1
Oochinchine	1
Guerre	1
Taret	1
Iado	1
Triple	1
Quarante	1
Oh	1
Meggenhom	1
Arequipa	1
Ontario	1
Blanco	1
Raílarin	1
Gamala	1
Hauture	1
Mekhohg	1
Vranzais	1
Paya	1
Duke	1
Mpimbi	1
Sainte-Lucie	1
Kurdistan	1
Lutine	1
Napoléon-Vendée	1
Guère	1
Senlis	1
Mandjatezzi	1
Sofala	1
Dau-phiné	1
Baty	1
Topazes	1
Abyla	1
Aprèo.	1
Précy	1
Autun	1
Accepté	1
Ussa	1
Tombouc-tou	1
Gàza	1
Timbré	1
Kàssan	1
Penmarch	1
Tompita	1
Nékaboué	1
Zipa	1
Rimo	1
Raguse	1
Coüdreaü	1
Tien-Yen	1
Mayne-Reid	1
Ostende	1
Indoustan	1
UzÈs	1
Bray	1
S.-O.	1
Hayes	1
Hondo	1
Bandamma	1
Alwaz	1
Ksar-el-Kébir	1
Kimbcrley	1
Horn-Head	1
Bamboukhou	1
Pécaris	1
Pskoff	1
Dissertations	1
Heures	1
Abbe-ville	1
Malletfurent	1
Agriculture	1
Anham	1
Mangez-vous	1
Pagures	1
Ksternax	1
Maracaibo	1
Haut-Oubangí	1
Ponthus-Cinier	1
Àboû-ben-Àzhar	1
Mor-.	1
Brienz	1
Jouarre	1
Sibir	1
Niny-Önande	1
Excellentes	1
Benjaris	1
New-Vork	1
Ta-Phin	1
Subina	1
Germanie	1
Florida	1
Kim-la	1
Àllâh	1
Uovas	1
Huntei	1
Romo	1
Albreda	1
Anthropologie	1
Hamy	1
Edr	1
VAcantephira	1
Ounalachka	1
Mâdhí	1
Bœuf-Bigarré	1
Queenstowii	1
Magellan-	1
Basses-Alpes	1
Argehteuil	1
Trébáhu	1
Oren-bourg	1
Téléki	1
Zalou	1
Tœnia	1
Banziri	1
Beaujeu	1
Jacolliot	1
Osmunda	1
South	1
Mur	1
Cape-town	1
Salmoné-Fall	1
Belalitra	1
Vère	1
Nyadagarenne	1
Ekooué	1
Tidjâniya	1
Fidjânîya	1
Buda-Pesth	1
San-Juan	1
Cornes	1
Bismarck	1
Tapajos	1
Pinei	1
Bourbaki	1
Còrnelia	1
État	1
Monte-Vergine	1
Uoiiiine	1
Juillet	1
Yucatan	1
Américaine	1
Chindouin	1
Villan-trais	1
Koun-dian	1
TJne	1
Dominum	1
Poubara	1
Boulounguir	1
Nòuvelle-Grenade	1
Màtatane	1
Bokel	1
Mnrine	1
Mé-Kong	1
Orang-Battak	1
Kaguenenga	1
Biffia	1
Philatélie	1
Fourat	1
Mappemonde	1
Belle-I	1
Factionnaire	1
Valencia	1
L.Bourgouin	1
Indiana-poíis	1
Indima-Ma-gazine	1
Riche	1
Indigène	1
Rossoni	1
Niafounké	1
Chojseul	1
Riley	1
Jaillet	1
Loiret	1
Azdjer	1
Kiyer	1
Àmbanourou	1
Batignolles	1
Kasšongo	1
Cambray-Digny	1
Livourne	1
Tôm	1
Êng	1
Magne	1
Pointe	1
Cérémonies	1
Scm-liki	1
Jladmi-nistratioh	1
Cluny	1
Banzy	1
Throndhjem	1
Tlndiana	1
Fécume	1
Apennin	1
692,476	1
Naesivôgava	1
EmrscadedeTink-Faïsan	1
Aute-remme	1
Šaxe-Cobourg	1
Than-hoa	1
Galathea	1
Saint-Barthélemy	1
Ivabrega	1
Causerie	1
Anthoine	1
Radjepoutana	1
Habitalado	1
Trounde	1
Rachid	1
Sagesse	1
Field	1
Gumil-cund	1
Miles	1
Haiphong.	1
Mayaire	1
Goundwana	1
Boukhara	1
Derrière	1
Anezé	1
Raspail	1
Koundée	1
Jab-el-Barrod	1
Hubert	1
Rivés	1
Àli-Baba	1
Souffrances	1
Red-Clifl	1
Warina	1
Non-velle-Helvétie	1
Reisso	1
Arclimède	1
Caballero	1
Fo	1
Crinoïdes	1
Adën	1
Services	1
Tapaiser	1
Situé	1
Oudiné	1
Saïd	1
Thrycaptella	1
Koloa	1
Annecy	1
Turc	1
Weddahs	1
Triton	1
Réeréa-	1
Bemandež	1
Tayá	1
Suint-Váast	1
Brczolles	1
Arlon	1
Alguést	1
Dilolo	1
Trichine	1
Saint-In-glebert	1
Portuguesa	1
Diáphr	1
Chez	1
Duveaucel	1
Koundé	1
Saint-Lo	1
Chen	1
Merie	1
Sflntay	1
Toulba-	1
Êgypte	1
Turkestah	1
Fidji	1
Turkestan	1
Renseignements	1
Leffe	1
Sidi-Gûariah	1
Démocratie	1
Discussion	1
Monte-Consuma	1
Huang	1
Port-des-ltois	1
Banibas	1
Égyptiennes	1
Front-Pensif	1
Bukovine	1
Johannesburg	1
Austral	1
Suite	1
Dza-Tchouka	1
Romanche	1
Nong	1
Cosmos	1
Echinodermes	1
Jui	1
CHARLES	1
Ttnkisso	1
Brandon	1
Kardach	1
Chuteau-Ro-bert	1
Obi	1
Tresor	1
Còstà-Rica	1
Hoosanee-qu'	1
Saint-Gervaïs	1
Ardenne	1
76	1
Haï-Duong	1
Lafayette	1
Résidences	1
Neukomin	1
Sviatogor	1
Phdippe	1
Magde-bourg	1
Cátane	1
Ftëhimé	1
Ravitaillement	1
Konkouré	1
Boga	1
Haute-Nubie	1
Wexford	1
Sansandig	1
Hésitations	1
Hou-koug	1
Lecoqne	1
Géographiques	1
In-dépendance	1
Grange-Batelière	1
Hoto	1
Dinguiraï	1
Cerné	1
Godjam	1
Rissoa	1
Fougue	1
Coffi	1
Vinnipeg	1
Huanuco	1
Serait-ce	1
Bobakar	1
Shangani	1
Part	1
Mala-mine	1
Mas-a-fuera	1
Liamone	1
Fantasia	1
Apou-pen-Azbar	1
Mandritsan	1
Sims	1
Girotta	1
Iyohino	1
Grece	1
Macalacas	1
Goubert	1
Simphéropol	1
ÌNéukûmm	1
Regrets	1
Kokonoor	1
Saint-Denis-dOlé-ron	1
Harrsa	1
M.LEVASSEUR	1
Visages-Pâles	1
Aé-rial-City	1
Balalaoui-Mohammed	1
Hyène	1
Beylier	1
Iquique	1
Sage	1
Morèl	1
Raphaël	1
Mazar	1
Ariguas	1
Seulement	1
Saint-Sauveur	1
Pacifiqué	1
Addt	1
Brétigny	1
Mendoza	1
Cle	1
Papin	1
Paris-et	1
Richardet	1
Töm	1
Angleterre-même	1
Buy-Van-Ngnoc	1
Fon-seca	1
Sinai	1
Black-Bob	1
Pibrác	1
Cavaliers	1
Philippe-ville	1
Goun-dam	1
Maïa	1
Nîmes	1
Lochias	1
Haute-Asie	1
Paris-Lyon-Médi-terranée	1
Bheures	1
TAn-dranomena	1
Ouar-gla	1
Amstrong	1
Port-Beita	1
Résistance	1
Ashourpononchouan	1
Bailleul	1
Mas-x	1
Flore	1
Bas-Congo	1
Landerriau	1
Koto-nou	1
Abyssiniennes	1
Drakens-berg	1
Calvaire	1
Tenos	1
Saison	1
Kallenberg	1
Finisterre	1
Burfard	1
Bilma	1
Pitts-burg	1
Lata	1
Montréal	1
Troches	1
Westport	1
Flamandes	1
Eàsigny-le-Petit	1
Mêla	1
Odessa	1
JungBahadoor	1
Ilassanaske	1
Badja	1
Frelan	1
Francfort-sur-le-Mein	1
La-Grandière	1
Mloumlila	1
Rossini	1
Loukongdontlè	1
EI-Obéïd	1
Roche-sur-Yon	1
Rhakòtis	1
Germain	1
Mahengë	1
Scutigères	1
Saint-Jean-de-Jérusalem	1
Montmartre	1
Cotìfré-	1
Paoli	1
Méauinez	1
Nong-Khaï	1
Lemberg	1
Hoomayun	1
Serpules	1
Crabe	1
PolaEsperanzaZajba-rita	1
Thuringe	1
MM.Ghesnay	1
Solda	1
Thron-dhjem	1
Yangtzé	1
Marcena	1
M.íoâ	1
PRIX-A	1
Tlom	1
Doc	1
Crédienne	1
Silencieux	1
Thot	1
Bema-rahq	1
Air	1
Perrolin	1
Yeux	1
Myria	1
Sleswig	1
Holdea	1
Même	1
Alpes-Maritimes	1
Livtagstone	1
Tripoli-taine	1
Chiroux	1
Mazeppa	1
Oufime	1
Andohalo	1
Spongiaires	1
Yamhoudé	1
Camphre	1
M.Lamadon	1
Don	1
Saporta	1
Fidj	1
Hakhuyt	1
Betsibtoka	1
Lopezs'	1
Bokkevel	1
Mouvements	1
Uzbacks	1
Lymnées	1
Arve	1
Osmanlis	1
Cinq	1
Nuremberg	1
Tsyandava	1
Cavally	1
Tendres	1
Nansouty	1
Gro	1
Nebraska	1
Magaddem	1
Pensylva-nie	1
Irkit	1
Odin	1
Bagnères-de-ßigorre	1
Gâderiyâ	1
Vierzon	1
Régnier-Noël	1
Miribel	1
Al-	1
Leikipia	1
Théo	1
Elbeuf	1
Volhynie	1
CöüŠTUñiEn	1
Ameralik	1
Nouveaux	1
Hubertsbourg	1
Jade	1
Petch	1
Korona	1
Mojanga	1
Voua	1
Marsupiaux	1
Belle-Ile-en-Mer	1
Laurenço-Mrques	1
Iles-Britanniques	1
Coummassie	1
Iaroslaf	1
Niehuhrynia	1
Effigie	1
Faguibue	1
Jamaïque	1
BabyloniS	1
Nurem-berg-Furth	1
Vous	1
Corbeille	1
Danses	1
Fousi-Yama	1
Neukoram	1
Taorminne	1
Antsianaka	1
Soudarí	1
Rainleh	1
Desforges	1
Neggenkorn	1
Laö-Jug-hosi	1
Willin	1
Bourgtheroude	1
Veau-bleu	1
Palencia	1
Trèsjuste	1
Madjala	1
Lignite	1
Kabambarré	1
Travancore	1
Ieuse	1
Saint-George	1
Kou-Tchow	1
Glepin	1
Çukya-Mouni	1
FoRn	1
Osch	1
Gàm-bier-Singh	1
Garmenito	1
Kasinov	1
Kinght	1
Monlluçon	1
Neuilly-en-Telle	1
Ascalon	1
Vis-hnugupta	1
Foûta-Dhiallon	1
Kilanga-Louga	1
Dârfour	1
Mon-serrât	1
Curey	1
Lapone	1
Tchomo	1
Haute-Bénoué	1
Colibri	1
Foulanis	1
Waderlow	1
Harz	1
Wn	1
Morel	1
Inglefield	1
Loïse.	1
Bandjârras	1
SaintJean	1
Écoute-moi	1
NOUVELLE-CALEDONIE	1
Sfoflou	1
Médinger	1
Mein	1
Ar-denne	1
Danslachambre	1
Tciow	1
Journa	1
Yepiornis	1
Naviata	1
Koui-nini	1
EIl	1
Difficultés	1
Ranca	1
Homère	1
Ila	1
Feldspath	1
Portescue	1
Mylabres	1
Maharajah	1
Gumilcund-avait	1
Lur-Loch	1
Dieulafoy	1
Sang-haï	1
Farhany	1
Maisons-Làffittë	1
Gabrielie	1
Tse	1
Migrationset	1
Combefa	1
Antibes	1
Ruyter	1
Salem	1
Santa-Cruz	1
Brace-bridge	1
Cobøurg	1
Raillard	1
Grégoire	1
Tau-	1
KimDom	1
Sarjek	1
Barcelona	1
Yerviers	1
Saint-Étienne	1
Lucknow.	1
Àtou	1
Indo-Ghine	1
Paris-Nord	1
Wear	1
Laj	1
Pujol	1
Karaoul	1
Batoùm	1
Pool	1
Esterhazy	1
Grimmea	1
Mossamba	1
Arbi	1
Khotân	1
Plymouth	1
Minsk	1
Àlbert	1
Ki-bouézi	1
Hacher	1
La-	1
Crois-tu	1
Saraktouz	1
Carjoval	1
Assistance-Bay	1
Acosvatovski	1
Ecole	1
Léopoldville	1
Lara-Coello	1
Medjela	1
Coëtlogon	1
Cocagne	1
Gléglé	1
Féuí	1
Vohémár	1
Lagrenée	1
SudOuèst	1
F.Thiéry	1
Antananaye	1
Muzinger	1
Pálestrina	1
Haut-Gubangbi	1
Qvikjokk	1
Mixte	1
Betchouanas	1
Makh-raka	1
Mahon	1
IV.Moicle	1
Crestola	1
Alcool	1
Déguisement	1
Estacado	1
Indoustàn	1
Puy-de-Dôme	1
Charlestown	1
Hr	1
Morina	1
Tarianarive	1
Séchelles	1
Corrèze	1
Yang-Tsé	1
Fowler	1
Morsalines	1
VAmenano	1
Sarjekthjokko	1
Uu	1
Beethoven	1
Clèves	1
Brown	1
Gouque	1
Menzel-ben-Zalfa	1
Artignan	1
Magnificat	1
Mecque	1
Là-bas	1
Tourcoing	1
Karakul	1
Doutes	1
Latona	1
Frânce	1
Tillo	1
Grandmaîson	1
Soleil	1
Nool	1
Lusitanie	1
AIsace-Lorraine	1
Vipère	1
Roi-Soleil	1
Bryozoaires	1
Tabous	1
Koiaroum	1
Montmorency	1
Lozère	1
Saloum	1
Sully	1
Oubôn	1
Essaie	1
Kokdofan	1
Mapoyos	1
Approcha	1
Chancellpr	1
Némo	1
Sainte-Baume	1
Flamands	1
Bourguignons	1
Shetland	1
Tjaggelvas	1
Emyrne	1
Pouzzoles	1
LionelDëcle	1
Théure	1
Livre	1
Kin-La	1
Wiscon-sin	1
Ours	1
Chevlade	1
Toua	1
Ougar-roua	1
Amou-Daria	1
Almagro	1
Neu-Ifabsbourg	1
Lanh-Suÿ	1
Alikari	1
Bowduin-bay	1
Ouâd-Sofi	1
Soumission	1
Agra	1
Marne	1
Indochine	1
Fatiko	1
Maral	1
Seïne	1
Freudenreich	1
Goušteix	1
Watevloo	1
Wahab	1
Klerksdorp	1
Egyptè	1
Marteiine	1
Maïrauao	1
Norma	1
Négrier	1
Solenhofen	1
Assas	1
Argé	1
J-Union	1
Rocella	1
Hòva	1
Frelon	1
Combes	1
Parthenia	1
Misère	1
Mâh	1
Centimètres	1
Cha	1
Casteìlane	1
Hang-	1
Biéh	1
Zuyderzée	1
Izalé	1
Çoleridge	1
Maîtres	1
Jarnac	1
Coutery	1
Barfleur	1
Schélê	1
Maldito	1
Blanche	1
Stdrlëy	1
Wàllis	1
Aboûben-Azhar	1
Secrétaire	1
Tham-Tai	1
Nevalsco	1
Niamtchi-chi	1
Rondo	1
Xylographa	1
Polydor	1
Espágne	1
Penang	1
Nottingham	1
Tarantchi	1
Pernambuco	1
Omo	1
Àltissimo	1
Belgrade	1
Yildeman	1
Assyrie	1
Comme	1
Prunières	1
Abdal	1
Neukoinm	1
Existence	1
Neuilly	1
Garon	1
Aeial-City	1
Paimpol	1
Chapo	1
Djebel-Chanchar	1
Tzangarie	1
Banhnhen-Yen	1
Épée	1
Panœas	1
Gls	1
Rennes	1
Cap-Yert	1
Arawaks	1
Hàvre	1
Oustoun-Tagh	1
Tanit	1
Peï	1
Dechamps	1
Sévère	1
Barrett	1
Bicharîn	1
Kafuro	1
Croyez-moi	1
Glo	1
Daise	1
Théophraste	1
Himis	1
Bravades	1
Environ	1
Bucina	1
Auber-villiers	1
Folie	1
Rikcha	1
Cainhas	1
Ste-Helène	1
Jaros-laf	1
Sont-ce	1
Duboît	1
Danes	1
Valcaie	1
Vergino	1
El-Mech-hed	1
Gaen	1
Herme	1
Mon-Kay	1
Mort	1
Sarivè	1
Castle	1
Süd	1
Mercuri	1
Mora	1
Soukhan	1
Chassiron	1
Rad	1
Couanza	1
Bar-thès	1
Mennschstefldsch	1
Diggers	1
Diwkerque	1
Ra-	1
Ihourou	1
Berbère	1
Msalala	1
Térrede	1
Gratzet	1
Turgot	1
Cœur-Ardent	1
Banrîr	1
Charentes	1
Villiers	1
Gérés	1
Gelloudi	1
Laurenzo-Marquez	1
Berabisch	1
Jenvie	1
XIXe	1
Néva	1
Macao	1
Meke	1
Pima	1
Rugincsa	1
Yalovikof	1
Saint-Gervais	1
Rütli	1
Salarie	1
Cana	1
Khon	1
Entençlu	1
Hhins	1
Bordes	1
Préjévalski	1
Rade	1
Timboìctou	1
Yisapour	1
Ûèche	1
Pariss	1
Peau-Rouge	1
S'	1
Koânay	1
Vaucluse	1
Ponne	1
Bathilde	1
Cueillie	1
Anthiam	1
Ouèst	1
Chouette.	1
Podorat	1
Kouranko	1
Tyzabad	1
Woss	1
Ðabinerie	1
Akfadou	1
Buckingham	1
Saint-Yaaài	1
Tabé	1
Tient	1
Porlici	1
Nouvelle-Russie	1
Thébaïde	1
Saint-Jean-Bàptiste	1
Dougga	1
Luong-Tam-Ky	1
Gènes	1
Pamalombé	1
Aucune	1
Suyrot	1
Rooke	1
Egérie	1
Beâuceroii-Percneron	1
Charles-Victor	1
Bouches-du-Rhône	1
Zaremba	1
Ngan-Iloeï	1
Général-Fai-dherbe	1
Codex	1
Banmako	1
Avenir	1
Boílardiére	1
Nora	1
Khotån	1
Paterson	1
Üè	1
Biographie	1
Comores	1
Râvre	1
Jang-tsé	1
Tink-Faísan	1
Lysel	1
Foë	1
Saint-Vaasfc	1
Foà	1
Conque	1
Caratals	1
Orau	1
Faire	1
Si	1
Ptolémées	1
Vin-timille	1
So	1
Tonga-Tabou-Mafì	1
Mongpl	1
Lycopodiacées	1
Pibràc	1
Arld	1
Mlississipi	1
Throndjem	1
Roy	1
Máhdhi	1
Poste	1
Ambohitsalika	1
Froschel	1
Révélaieur	1
Fray-el-muerto	1
LouisXIV	1
Ouest-Est	1
Mynpoorie	1
Sosnowizi	1
Meta	1
Vestancia	1
Manárnbolo	1
Radj-poutana	1
Balure	1
Yéso	1
Loi	1
Laborde	1
Lor	1
Mugnoz	1
Foire	1
Rupel-monde	1
Cà-da-Mosto	1
Tcher	1
Alléma-gïie	1
Davane	1
Waca-racunè	1
Polydoorke	1
Cumana	1
Kinéné	1
Hyalonema	1
BrazzavilJe'	1
Ahmédou	1
St-Maur	1
Gook	1
Brédaî	1
Alpes-impétueux	1
Nerbada	1
Phasques	1
Éléphant	1
Beaufort	1
P.-L.M.	1
New-Tchang	1
Bio	1
Protokoll	1
Aerial-Gity	1
Savoie	1
Bos-ton	1
Baume	1
Melilla	1
Bouein	1
Commes	1
Angleterrè	1
Convictions	1
Eton	1
Matabélés	1
Amélie	1
Hogue	1
Ying	1
Jàck	1
Cornpagnis	1
f879	1
Shanghai	1
Égyptien	1
Bastieri	1
Marchand	1
Bay-Say	1
Tim-boiictou	1
Livingston	1
Nouvelle-Hollande	1
Sauteries	1
Massa-tìl-Kanat	1
Saint-Funcy	1
Pacte	1
VI.	1
Anézès	1
Bonneville	1
Republique	1
Jéres-saient	1
Lacuna	1
M.Cbiarveiñ	1
Gracieuseté	1
Pyramide	1
Schweinfurth	1
Revél	1
Còüvent	1
Roscofl	1
Baobab	1
Ledieu	1
Cabras	1
Sievier	1
Inconvénients	1
Véquilibre	1
Gelas	1
Emportez-le	1
Courbevoie	1
Ilénry	1
NOUVELLE-CALÉDONIE	1
Oumm-Chegâ	1
Kotto	1
Baléares	1
Kachgil	1
Vladivostock	1
Karako-rum	1
Limage	1
Fellow	1
Hydroquinone.	1
Ainbalazanakomby	1
Beni	1
Passe	1
Ninh	1
Skelleftelf	1
Yun-ñam	1
Eulima	1
1m	1
Lanco	1
Aurore	1
Bonhoure	1
Captaine	1
Kremlin	1
Cipriani	1
Vélo-Glub	1
Jougia	1
Máhdî	1
Critiquer	1
Pueblo	1
Foucault	1
Doufilé	1
Duki	1
Aboû-beñ-Azhar	1
TÀdrar	1
Islâm	1
Paï	1
Tchékirjeh	1
Veláyer	1
Norwege	1
Grand-ßassàm	1
Sin-lè-Noble	1
Stella	1
Saint-Guendé	1
Cœlentérés	1
Kéria-Daria	1
Gladstone	1
Radjpouts	1
Répandue	1
Mó-diterranée	1
Torneo-trœsk	1
Rapide	1
Medjel	1
Ibordl	1
Boulak	1
Maure	1
Pondoland	1
Iloggar	1
Berryer	1
Jurent	1
Chose	1
Stora	1
Bernoff	1
MacMahon	1
Buchy	1
Mont-Palatin	1
Guaharibos	1
TintéHeur	1
Suivante	1
Haeckel	1
Moudjia	1
Razoumof	1
Vosteria	1
Es-Soûr	1
Urugay	1
Puy	1
Adressez-vous	1
Pattendaient	1
Garrère	1
Bakhané-Diop	1
Mont-dé-Marsan	1
Eurydice	1
Marquis	1
Satok	1
Forbach	1
Àntsirabé	1
Weddah	1
Ame	1
VVard	1
Chensc	1
Léyêque	1
Baly	1
Etna	1
Entrez	1
Souze	1
Mulready	1
BradIey	1
M.Chaffanjon.	1
Commande	1
Article	1
Fodi-Silah	1
Highland	1
Issachar	1
Talé-Sap	1
1SB	1
Afghân	1
Garba	1
Casamanoe	1
Laide	1
Sty-laster	1
Gœthe	1
Tuyen-Kuang	1
Cosaques	1
Marker	1
Saviez-vous	1
Kassala	1
Altavilla	1
Rigny	1
Ma-chouné	1
Ménard	1
Kaarta	1
Slaviado-Belo-Yodsk	1
Suttèr	1
Tzen-garie	1
Polaire	1
Pousse	1
Garting-po	1
Tcheng-Théou	1
Entrepôt	1
Naviguer	1
Kamtchatka	1
Cavacavali	1
Setchuan	1
Tomsketlrkoutsk	1
Cbamp-de-Mars	1
Ivara-laío	1
Kamtschatka	1
Gengiskhân	1
Tourne	1
Turkestàn	1
Great-Grimsby	1
Lat-Dior	1
Weaver	1
Domptés	1
Daoud-	1
Coach	1
Espart	1
Sibylle	1
Douar	1
Azraël	1
Myriám	1
Pctiou	1
Jé	1
Tébourba	1
Çhanda	1
Arrivé	1
Booth	1
Prévost-	1
Anthoard	1
Embarquement	1
Notre-Dame-des-Victoires	1
Cretaria	1
MM.H	1
Herville	1
Kalika	1
Orizaba	1
Nastasia	1
Loued-Ouarghla	1
Cup-Vert	1
Bossé	1
Uhémé	1
Neveu	1
Terni	1
Mario	1
Ghalais-Meudon	1
Ue	1
Guning	1
Drug	1
Fiwi	1
Eider	1
Essigny	1
Griqualand	1
Rjíf	1
Náppléon	1
Canala	1
Gassendi	1
Razat	1
Sainte-Marthe	1
Fat	1
Barne-ille	1
Astrolabe	1
Sonniuké	1
Non	1
Mabéla	1
Fälerne	1
Officiel	1
Tartares	1
Kazzak	1
Nou-velle-Guinée	1
Cuscatlan	1
Bourbon-Vendée	1
Thorfinn	1
Tchéliouskine	1
Hentsch	1
Kam-Ching	1
Michel	1
Londe	1
Brome	1
Vue	1
Niòolèt	1
Çh	1
Sabi	1
Cousteix	1
Saba	1
Mulhouse	1
Villegagnon	1
Bien-hoa	1
Pétersbourg	1
Iules	1
Dobi	1
Kinangop	1
Habitations	1
Imérina	1
Bellevaux	1
Albermale	1
Rípault	1
Tabor	1
Itai	1
Cloué	1
Fontinali	1
Mahambar	1
Longuyon	1
Phi-lippe	1
Mailalaka	1
Tourane	1
Stairs	1
Rhinocéros	1
Gristellaires	1
Marjo-laine	1
Tonlcin	1
Saint-Etienne	1
Dalgleish	1
Hônolulu	1
Lamartine	1
Sar-jekkjokko	1
Semliki	1
Sarrante	1
Christchurch	1
Conchagua	1
Bellavoine	1
Hulans	1
Kumani	1
Hai-Duong	1
Chimpanzé	1
Elephanta	1
Archœopterix	1
Noe	1
Sé-Moun	1
Le.dèpart	1
Àbiras	1
Ver-i	1
Waira-kanà-loa	1
Akássa	1
Sun	1
Pesca-dores	1
Sôleillet	1
Texeira	1
ELat	1
Hasselt	1
Truite	1
You-kou	1
Charlotte	1
Vendre	1
Guemar	1
Bissonv	1
Charle-magne	1
Furieux	1
Ba-Foulabé	1
Dioscoride	1
Yehtaï	1
Je.vous.remercie	1
Kayor	1
Paris.a	1
Célestes	1
IIonoloulou	1
Avievicíw	1
Fontenay-le-Comte	1
Rhodes	1
Haut-Juba	1
Richard	1
Atchan	1
Bórdeaux	1
Espèces	1
Première	1
Rio-Ariguani	1
Gie	1
Bureau	1
Fourneau	1
Kinber-ley	1
Çam-ba-Thuoc	1
Mellacorée	1
Kiro	1
Mar-.	1
Colomb	1
Montèbello	1
Nou	1
Beccâria	1
Nor	1
TAnnam	1
Lalouette.	1
Picard	1
Chique	1
Mokhan	1
Lao	1
Laghòuat	1
Hardi	1
Coutances	1
Lebruitdu	1
Bach	1
Askomena	1
Hardy	1
Ordouba	1
Carlsbad	1
Gilo	1
Blake	1
Touggourt	1
Passepol	1
Groix	1
Parié	1
Ptolémée	1
Régnier-Noel	1
Ouidjayo	1
Mosesh	1
Pen-djab	1
Sagou	1
Inde-	1
Coutouly	1
State	1
Schleswig	1
Ven-fuyaient	1
Biot	1
Fouta-Djallon	1
Batchelor	1
Fimproviste	1
Kôana	1
Negretti	1
Vin-diana-Magazine	1
Dufaut	1
Line	1
Formes	1
Verdun	1
Àsmara	1
Mitan-Gúrge	1
Carcassohne	1
Bam-makoétdelà	1
Marchandises	1
Bedjah	1
Tsomogna-tharing-tso	1
Arroghimi	1
M.Gresle	1
Lastelle	1
Nola	1
Annélides	1
Franklih	1
Avantde	1
Sumatra.	1
Contribution	1
Hydroquinone	1
Toii	1
Oumro-Dourman	1
Mont-calm	1
Apcher	1
Montigny	1
Barròw	1
Tutuila	1
Ecçles-on-thé-sea	1
Murray	1
Valables	1
Antropophagie	1
Expéditîoa	1
Ambiky	1
Sisagarhi	1
Transformés	1
Entrecasteaux	1
Frobisher	1
Keria-Daria	1
Scar	1
Tartarie	1
Lyttelton	1
Bidor	1
Gage	1
Canivêt	1
Afriqu	1
Trémintin	1
Cheverton	1
Jouvence	1
Om-megang	1
Kam-pong	1
Phébé	1
0Iga	1
Stin-ger	1
IIniforme	1
Sçoresby	1
Angle-erre	1
Singouedzi	1
Oursins	1
Vannes	1
Köuka	1
Andorinha	1
Bagnères-de-Lu-chon	1
Kim-Ké	1
T'	1
Envoi	1
Mûséumr	1
Cueillir	1
Ae	1
Antsohihy	1
Af	1
An	1
Gosta-Rica	1
Sousou	1
Kanar	1
Az	1
Transalaï	1
Rendsbourgs	1
Tucuman	1
D.B	1
Hubbard	1
Aèrial-City	1
Ambitions	1
Tambakka	1
Girardin	1
Acra	1
Frigost	1
VanMéou	1
Samvât	1
Mugon	1
Résidence-allemande	1
Soudras	1
Police	1
Mailoki	1
Milnë-Edwards	1
Ceux	1
Raluld	1
Chammars	1
Suivez-moidonc	1
Fribourg	1
Natel	1
Seules	1
Morean	1
Encyclopédie	1
Basse-Autriche	1
Marais.	1
Sin-gouedzi	1
8h	1
Schuzé	1
Antipathie	1
Castlerea	1
Boiteux.arriva	1
Ieuc	1
Chargez-y	1
Sacrifices	1
Malt	1
Nampala	1
Stingerétaient	1
Gouadam	1
Stavelot	1
Hiver	1
Fillila	1
Aoh	1
Eu-	1
Bonaparte	1
Murala	1
Lui'	1
Franceschi	1
Auxonne	1
Génézareth	1
Cantabrie	1
Brisinga	1
8.	1
AlGer	1
Boueni	1
Prends	1
Étoile-BlancheI	1
Núrenberg	1
Magnifique	1
Comment	1
Narbonne	1
Haut-Ouémé	1
Kalalo	1
Cicatrices	1
Weser	1
IMP.	1
Mahaùt	1
Ra-nie	1
Piálmai	1
Co-quimbo	1
Beningsòn	1
Golfe-Jouan-Vallauris	1
TIndo-Chine	1
Verhoof	1
Lacroix	1
Boomerang	1
Paysan	1
Pourtant	1
Mensaouï	1
Coëllo	1
Beni-Meskinn	1
Emprunt	1
Dax-Bayonne-Pan	1
Djibouti	1
Saxe-Cobourg	1
Arambys	1
Ménélik	1
Nagpour	1
San-Anto-nio	1
Lamy	1
Can-dolle	1
Kanak	1
Sphœria	1
Kouli	1
Toldecs	1
Zoulof	1
Loos	1
Outre-Manche	1
Latium	1
Vraisemblablement	1
Tabél	1
Tharas	1
Billecor	1
Madhya-Déça	1
Fram	1
Gorey	1
Mon-roe	1
Nsápa	1
Gránde-Muraille	1
Gachka	1
Wolof	1
Aduocats	1
Kopchirn	1
Birmingham	1
Ouez-zan	1
Halifax	1
Nevada	1
Lougoueli	1
Begaf	1
Nousne	1
Apraxine	1
Rinkanden	1
Bas-Laos	1
Parts	1
Fort-Charter	1
Grazia	1
Chafarinas	1
Hoàn-Nan	1
Trucco	1
Pangas	1
Héli-goland	1
Umvoti.	1
Géltinia	1
Donegal	1
Gui	1
Villersexel	1
Argenteuii	1
Meerul	1
Memphis	1
Cristal-Palace	1
Portozuelo	1
Lolgnon	1
Vieux-Château	1
Jormes	1
Niovo	1
Mélety	1
Rewa	1
Lubac	1
Fierté	1
Etat-Unis	1
Pôle	1
Vermeille	1
Ilimis	1
Ansobajoba	1
Sambova	1
Ailâh	1
Confiance	1
Lprèsquatre	1
Tunda	1
Tenez	1
Réchid	1
Favre	1
Mollando	1
Acapulco	1
Ssu	1
Jennie	1
Rab-en-Nebka	1
Tanksi	1
Enara	1
VAnémone	1
Blaroc	1
Brisingidæ	1
Cas	1
Car	1
Adam	1
Chapra	1
Kebnekaisse	1
Alpenstock	1
Hammer	1
Bialo	1
Où.	1
Zaandám	1
Bialowieza	1
Goro	1
Koné-tso	1
Fère	1
Caballeros	1
Synaptes	1
Fezzan	1
Farewell	1
Pincé	1
Orgie	1
Eorân	1
Ouellé	1
Texte	1
Anglais	1
Hertha	1
MrS	1
Delacroix	1
Kélung	1
Puget-Théners	1
Aussitòt	1
Chénée	1
Jei	1
Francfort-sur-Mein	1
Leech	1
Hosie	1
Bellini	1
Foix	1
Logone	1
Vesoul	1
I'gmond	1
Le-fèvre	1
Mauricei	1
Losnais	1
Es-trée	1
Kernevel	1
Hispar	1
Iliver	1
Mohamed-ben-Abn-Bou-bakar	1
Mœurs	1
Katmandu	1
Hakim	1
Piaroas	1
Pensyîvanie	1
Tasman	1
Utrecht	1
Mtésa	1
Fréja	1
Neuwvied	1
Castelnaudary	1
Saint-vaast-la-Hougue	1
Cephrem	1
Blanchard	1
IIoosanee	1
Elisabeth	1
Sympathique	1
Inciia-napolis	1
Pavant	1
Meslin	1
Lä-dak	1
Yœillet	1
Djur-jura	1
Manasumady	1
Toffa	1
Eñ	1
Ceci	1
Fasching	1
Chokta	1
Philos	1
Bastian	1
Azov	1
Salvatore	1
Dans	1
Khiano	1
Cuvier	1
Rochefòrt	1
BoUches-du-Rhône	1
Duluth	1
Moraves	1
Jocaux	1
Borgnis-Dësbordes	1
Franchetti	1
Brutus	1
Lès	1
Bornéo.	1
Agassiz	1
Sitaris	1
Demerara	1
Turitelles	1
Brahma	1
Delle	1
Saint-Pétèrsbourg	1
Comparaison	1
Dantzig	1
Aïn-Medawara	1
Molard	1
Paros	1
Monsvilie	1
Amiral	1
Itinéraires	1
Bionassay	1
Mâdhîstes	1
Musée	1
Moqui	1
Cellere	1
Fourteen-Streams	1
Ayacucho	1
Samba-tiguila	1
Nigritie	1
Phu-Binh-Gian	1
Est-elle	1
Ouréré	1
Tiansi	1
Tânganyika	1
Sa-bina	1
Peragallo	1
Alby	1
Nashvil	1
Nigote	1
Cabot	1
Dongoï.ne	1
Newhaven	1
Lapoñie	1
Boutique	1
Farchipel	1
Roche	1
Rouo	1
Kléber	1
Chanaan	1
Tcheng-Tchéou	1
Maragnon	1
Mazars	1
Esquimaux	1
Nèukoinm	1
Darwin	1
Utété	1
Antsihanakar	1
Fort-de-France	1
Alopté	1
Schizopodes	1
Hoûgë	1
Pimaye	1
Stéphàne	1
Hugueny	1
Unelumière	1
Eämond	1
Jipen	1
CIe	1
Aouakas	1
Corville	1
Phase	1
Flemshude	1
Myngastres	1
El-Damer	1
Marcellus	1
Tago	1
Yàrmouth	1
Gh	1
Asie.	1
Sénat	1
D.Bellet	1
Colline	1
Monte-Cristo	1
Lagran-dière	1
Degross	1
Mandarin	1
Touranne	1
Vintimille	1
Salle	1
Leif-le-Fortuné	1
Mampoursi	1
Orléaas	1
Montbéliard	1
Camarates	1
Bastien-	1
Satsimanamprovana	1
Attaqués	1
Isyanhaloke	1
Lée-Yan-Couque	1
FeZ	1
Sébastopol	1
Man-Tebor	1
Þolla	1
Appienne	1
Larsonneur	1
MmePré-vost-Lemaire	1
Lombric	1
Neu-Habsbourg	1
Cloistre	1
Haas	1
Tournay	1
Magdzou	1
Louèche-la-Ville	1
Salomonienne	1
Gr	1
Kaaba	1
Limöurs	1
Economiste	1
Roche-foucault	1
Liberté	1
Crépin	1
Gand	1
Maudit	1
Lara-Coclto	1
Mairie-ét-Lôire	1
Institut	1
Égy	1
Ühiôli-Ba	1
Ranaïvo	1
Permettez	1
Koueï-Tcheou	1
Crac	1
Jaguar	1
Horizontalement	1
Sasser	1
Calme	1
Mfumbiro	1
Gou	1
Rossel	1
Neustrie	1
Ka-Yima	1
Unis	1
Tassin	1
Sse-tchûen	1
Montévidéo	1
Tyrol	1
Ghazal	1
Musul-mari	1
Akòy	1
Se-	1
Sumbatén	1
Markham	1
Hoang-Su-Maò	1
Grandmàison	1
Chaudfontaîne	1
Diôubiban	1
Tuniciers	1
Cbaillié-Long	1
Costumé	1
Surrey	1
Ses	1
Dildo	1
Empoli	1
Unie	1
Mojaves	1
Chelles	1
Bong-kok	1
Bermudes	1
Latour	1
Mélèze	1
Itouri	1
Boëte	1
Basoche	1
Ainilcar	1
Aar	1
Rusas	1
Southamptön	1
Jéhovah	1
Masaï	1
Suero	1
Èpizoanthes	1
Peres	1
Djimirii	1
Jupiter	1
Raíîarin	1
Peua	1
Dan	1
Senoûsiya	1
Scandinávie	1
Janeiro	1
Oiinyamouezi	1
Bonn	1
Tjsléki	1
Qi	1
Muntjak	1
Amaroumraï	1
Qn	1
H.Leturque	1
Läponie	1
Service	1
Moselle	1
Lo-rient	1
Sid-Abd-el-Kader-EI-Djilani	1
Scárwèrie	1
Moun	1
Oura-soura	1
Riad	1
Anne	1
Kiel	1
Bibbîena	1
Tré-babu	1
Hébété	1
Armada	1
Saint-Valéry	1
Siérra-Leone	1
Entomologie	1
Bretel	1
Branle-bas	1
Noya	1
Oman	1
Ville-de-Ceara	1
Mirik	1
Kimberleyar	1
Chambâa	1
Omar	1
Sommeil	1
Algérie-où	1
Hammamet-Nabeul	1
Obôck	1
La-vie	1
Indiscipline	1
Ausoriius	1
Dara-dus	1
Carva-lon	1
Favoisinent	1
Indronapolis	1
Pedoré	1
Mârine	1
Oriental-Bank	1
Eang-Nua	1
Saka-laves	1
Montgomery	1
Dupetit-Thopuars	1
Teriieute	1
Indo-chine	1
Adressez	1
Andorfer	1
Urban	1
Herm	1
Lieu-vain	1
Vîlna	1
Sarrar	1
Wladiwostock	1
Yorouba	1
Jette-la	1
Takaigouro.u	1
CEdipe-Roi	1
Yanaon	1
Iidherbe	1
Cambridge	1
Zend-Avesta	1
Mobilier	1
Brussel	1
Beneben	1
Hanneton	1
Mazimbaôé	1
Boëttesylesquelles	1
Uganda	1
Bernoises	1
Alhucemas	1
Jamais	1
Modjiew	1
Asteck	1
Utique	1
Pointe-Smith	1
Shida	1
Auxerrois	1
Hirudo	1
Si-ning	1
W	1
Mangrdzé	1
Rutli	1
Téhéran	1
Galland	1
Type	1
Thèbes	1
Chaï	1
Té-niahié	1
Ibouiri	1
Serendib	1
Nahanii	1
Jeanne	1
Roty	1
Câlina	1
Cinquante	1
Càriala	1
Aléoutiennes	1
Nacella	1
Gambier	1
Oléron	1
Étampes	1
Kirin	1
Dompeyroux	1
Bissandougou	1
Cambo	1
Bourbonne	1
Sal.abèlle	1
Antananarivo	1
Jéhofah	1
Baviere	1
Sarju	1
Lao-Kaï	1
Fort-Central	1
Mâhgreb	1
Bras	1
Gadhamès	1
Blanque-lle	1
NatBradley	1
E.toucy	1
JBonne	1
Khanag	1
Sparte	1
Nossi-Be	1
Précisions	1
Loignon	1
Fontenelle	1
Haer	1
Montpellier	1
Hérintrech-Lorient	1
Nous.ne	1
Saint-Vaastoùl'	1
Lokoloko	1
Ali-Kali	1
Ëtoile-Blan-che	1
Ëspagne	1
Grenadilles	1
Tabago	1
Brantôme	1
Tchita-	1
Saint-Lô	1
Tell-Houm	1
Grandmaison	1
Trébahd	1
Carservène	1
Organiser	1
Mobéka	1
Ruben	1
Monaco	1
Makassar	1
Lés	1
S	1
Berevo	1
Axeñberg	1
Mandovas	1
Parla	1
Lawrence	1
Aboû-ben-Ashar	1
Sierpe	1
IgeL	1
Baghirmi	1
Où	1
Saint-Julien-Gènevois	1
Albert-Édouard	1
Mafia	1
France-Russie	1
Folkestown	1
Simeon	1
Hanoi	1
Dinan	1
Dnéiper	1
Guerza	1
Bernod	1
Zoo	1
Septoria	1
Condé	1
Pa	1
Siao	1
Bebe-dero	1
Fauchot	1
l892	1
Màhdî	1
Craponne	1
Dnieper	1
Argayon	1
Argentières	1
Koukounoor	1
Ariana	1
Paraît	1
Aduocat	1
Dòm	1
Ogre	1
Buienos-Ayres	1
RiÍT	1
Échalas	1
Bassorah	1
Astrœa	1
Charolles	1
Océaniè	1
Ëmin	1
Plaqué	1
Kiroundôù	1
Demi-Lune	1
Danseuse	1
Bôukharie	1
Antaimoro	1
Montserrat	1
Montdidier	1
SainUGermain	1
Tinl-bouktou	1
Nous	1
GrandHôtel	1
Grimsel	1
Rien	1
Bithynie	1
Viilanova	1
Chauvin	1
Objecti	1
Sac	1
Épisode	1
Degna	1
Corollaire	1
Croisilles	1
Hümf	1
Lerrbag	1
Méxiquefil	1
Saint-Barthëlemy	1
Loiuse	1
Gréhaut	1
Lecidea	1
Zény	1
Tourville	1
Yellowstone	1
Kristiania	1
Yezo	1
Bastille	1
Abomiey	1
Hammamet	1
Inšbruck	1
Dickinson	1
Lambessa	1
Paris-Londres	1
Bouille	1
Minerve	1
Faymonville	1
Angle	1
Silsili	1
Upolu	1
Suppositions	1
VAlexandra	1
Bògolinbòre	1
Lawreneiae	1
Lê	1
Casentino	1
Macaraïbo	1
Sòbat	1
Webbi	1
Mohâves	1
Port-Elisabeth	1
Berzélius	1
Üne	1
Salie	1
Vargas	1
Myrian	1
Mantes-la-Jolie	1
Mandri-	1
Baoutchi	1
Découvrez-le	1
Ström	1
Laurenzi	1
Actagnan	1
G'	1
Wazzân	1
Fran-can	1
Argelès	1
Der-gâwa	1
Péninsule	1
Demandez	1
Aubervìl-liers	1
Monocotylédones	1
Aplysia	1
Lund	1
Zodji	1
Gilgit	1
Parnnà	1
Sierra-Nevada	1
Espagné	1
Faprès-midi	1
Siilney	1
Tchamani	1
Ta-nanarive	1
Verniette	1
Kakotomena	1
Miltiade	1
Ayora	1
Arabi-Pacha	1
Than	1
Mager	1
Karinoum	1
Rejms	1
Solon	1
Oldem-bourg	1
Àndes	1
Die	1
Ta-lisman	1
Château-hriand	1
Hastière	1
Naplès	1
Eygurande	1
Sergenl	1
Klaksvig	1
Nissoy	1
Niihau	1
Orphelin	1
Lampué	1
Derembai	1
Teigne	1
Monomotapa	1
Protovecchio	1
Repos	1
Remplacez-moi	1
Infamie	1
Chargeurs-Réunis	1
Nephropsis	1
Vénus	1
Ouaraï	1
Sinnamary	1
Gela	1
San-Miguel	1
Torzano	1
Oyptosome	1
Druxeiles	1
Abdel-Asis	1
Haute-Al-sace	1
Oulong-tchat	1
Plains-toi	1
Lupata	1
Cooke	1
Deo	1
Mandabandzi	1
Bagnères-deTBigorre	1
Quiriquirra	1
Lo-.bengula	1
Quiconque	1
Zuycler-Zee	1
Ælãck	1
Hymalaya	1
Àug	1
1865,1a	1
Guimet	1
M.Lequertier	1
Rouwenzori	1
Parislui	1
Beauvaia	1
Bathurst	1
Dioulas	1
Madbî	1
Nivelle	1
Etats-unis	1
SIontguïlhem	1
Celte	1
Urambo	1
Grandidier	1
Questions	1
Jules-Davoust	1
Carabas	1
Voyage	1
Zabuloh	1
Brosselard-Faidherbe	1
Hongrieà	1
Rgayé-Horpa	1
Kampala	1
Volonté	1
Pertes	1
Convenances	1
Neukomrn	1
Accomplie	1
Beau-vais	1
Remarque	1
Schopenhauer	1
Photographié	1
Hada	1
Lukoclja	1
Mézieurs	1
La-Mecque	1
Bomokandi	1
Physica	1
Oublier	1
Lacaze-Duthiers	1
Gothenburg	1
Ardèche	1
Postes	1
Louis-Napo-léon	1
Tabon-Gouta	1
Ben-gouela	1
Votre	1
Jésus-Christ	1
Dao	1
Gex	1
Châtillon-les-Dombes	1
Guillard	1
Oporto	1
City-o	1
Portrieux-Saint-Quay	1
Prnel	1
Bordenave	1
Médie	1
Payer	1
Sambà-Yombé	1
Akoungua	1
Saliou	1
Vivante	1
Yakko	1
Naxos	1
Sainarcande	1
Ban-Nben-Yen	1
Savane	1
Podolie	1
Maïssour	1
GEdipe-Roi	1
Tcheñg	1
Komc	1
TOuaagstra	1
Tourkana	1
Wœrther	1
Agadir	1
Ouallyham	1
Saffrey	1
Bagùirmi	1
S’	1
Carey.	1
Saint-Vincent-Saint-Antoine	1
Breme	1
Indiennes	1
Abeiiard	1
Tauride	1
Phénix	1
Filfila	1
Transtévère	1
Assolant	1
GrindehvaU	1
Matchine	1
Albert-Prévost-Lemaire	1
Gapoue	1
Bohême	1
Toujoursjeune	1
Labanno	1
Aboû-Ben-Azhar	1
Mampata	1
Grec	1
Marintandreno	1
Montsurat	1
Francescbi	1
Fonviklle	1
Ouassongora	1
Como	1
Soignes	1
Godlowsky	1
Dniéper	1
Maxence	1
Saint-Sépulcre	1
Veslavitch	1
Jackson	1
Baÿ-Say	1
Salines	1
Ibérique	1
Chevelure	1
Pacha	1
Dobi-gnard	1
Godthaab	1
Loañgo	1
Valo-jrnes	1
Viancin	1
Stéréoscope	1
Soto	1
Asic	1
Quadruple	1
Agoua	1
R.L.	1
Santon	1
Fort-Mïçhaêl	1
Tsiganes	1
Rafïaririn	1
Foukian	1
Vermot	1
Yaughan	1
Saga-lioyo	1
Quatorze	1
Fike	1
Fodé	1
Commissaire	1
Porlo-Novo	1
Calixtin	1
Tugela	1
Pliocène	1
Renan	1
Myriarn	1
Kachga	1
Bœuf	1
Bethléem	1
Irraouâddi	1
Olonne	1
Wallace	1
Caridina	1
Callao	1
ÏÉcureuil	1
Orbigny	1
Uti	1
Flabellum	1
Dafiâ	1
Bogolinborre	1
Bèrber	1
She-nandoah	1
Montbard	1
Jabéris	1
Transatlantique	1
MarõC	1
Monìnpé	1
Désunis	1
Scorff	1
Berberati	1
Saint-Servan	1
Nilgaïa	1
Chavannes	1
Chau-	1
Begidro	1
Alewandra	1
Phu	1
Nordenskiöld	1
Zonites	1
Sévé	1
Excuse-moi	1
Gròsgurin	1
Noua	1
Manœuvre	1
Tsaïdam	1
Récoltes	1
Boulogne-sur-Merl	1
Bracebridge	1
Congo'	1
Bourdonnaye	1
Charleville	1
Sàlaga	1
Katanga	1
MM.Munier-Chalmds	1
Titicaca	1
Faidherbe	1
Uzès	1
SE.	1
Haîphong	1
IIàï-Duong	1
Fonvieli.e	1
Triste	1
Emin-Paeha	1
El-Hoesn	1
Kandern	1
Potier	1
Limpopo	1
Anémones	1
Pallas	1
Balegga	1
Buffalo-Bill	1
Jiboa	1
Azhar	1
Laponne	1
Berthelot	1
Bakkaï	1
Acide	1
Honitoup	1
Miocène	1
Bëylié	1
Wyld	1
Marolies	1
Sàgrés	1
Surinam	1
Arca-hon	1
Vitshumbi	1
Bilandt	1
Quoique	1
Kissi-gali	1
Oresund	1
Jého-vah	1
Bondokou	1
Bangasso	1
Heureusement	1
Pris	1
Amiala	1
Bisseiski	1
Jarretière	1
Pont-du-Diable	1
Min	1
Mie	1
Cusset	1
Méping	1
Tentraînât	1
Athir	1
Copenhague	1
Scyramâthia	1
Ratuld	1
Ta.matave	1
Kabaryg	1
Mexi-quecédaitla	1
Tombe	1
Goudjerât	1
Six-Frères	1
Vilaine	1
Dinka	1
Volendam	1
Rajpoutana	1
Midongy	1
Kaëhgarie	1
Saintes	1
Mill	1
Pietermaritzburg	1
Du-croc	1
Dvjna	1
Dervish	1
Hrezolles	1
Weï	1
Bénouéparun	1
Waianae	1
Jonques	1
Cuivre	1
Koukournor	1
Lesseps	1
Chi	1
Arau-ca	1
Jugement	1
Conquérant	1
Magnolias	1
Ilan-Kéou	1
Montuuban	1
Jury	1
Aleki-Kai	1
Arahes	1
Kankàn	1
Kuden	1
Ghiroussi	1
Saint-Martjn-Lantosque	1
Kerguelen	1
Gavroche	1
Jura	1
Qué-dong	1
Émeraudes	1
Jephsôn	1
Bagnéres-de-Bigorre	1
Illustrée	1
Gron-land	1
Djenna	1
Maîtresse	1
Mboga	1
OstaschkofF	1
Reine	1
Kuan	1
Pychou-ky	1
Àlgues	1
Ravenne	1
Sindjar	1
Vicenti	1
Seule	1
Bottin	1
Kiang-Si	1
Somali	1
Avancez-la	1
Francfort	1
Échinodermes	1
Vincent	1
Lavc-dan	1
Cucurlong	1
Émin	1
Koloni	1
Fouta-Djalon	1
Essigny-le-Petit	1
Onnyampàka	1
Balade	1
Bàkel	1
Meilleure	1
Geuta	1
Colophqn	1
William-Mac-kinridn	1
Fràncfort-sur-Mein	1
Lao-Kai	1
Lakhone	1
Tver	1
Enfers	1
Bade	1
Mitsinjo	1
Puissé-je	1
Benty	1
Tordre	1
Moule	1
Elmenia	1
Kanéa	1
Ogòòué	1
Appianou	1
Bo-gota	1
Abdál	1
Saint-Synode	1
Grand-Bassam-Jacquevil-Lahou	1
Barca	1
Ambararatre	1
Planche	1
Waterbuck	1
Vivres	1
Ténnessee	1
Angletcrre	1
Alangua	1
Au-dessus	1
Brosse	1
Sévilie	1
Canilhac	1
Fest-Indes	1
Labiénus	1
M.Chatam	1
Voir	1
Tournon	1
Brachyures	1
Mélèvre	1
Donnât	1
Chari	1
Séné-gambie	1
Caron	1
Konédine	1
Maladie	1
Danjou	1
Quilimae	1
Sainte-Marie-de-Madagascar	1
Saladin	1
Pullmans	1
Aigues-Mortes	1
Sous	1
Banks	1
Timbres	1
Brousse	1
Féringhees	1
Mirza-Dohan	1
Serment	1
Stnorà	1
Boussac	1
Luther	1
Puno	1
Soldats	1
Ratyety	1
Chimila	1
LanhSuy	1
Çes	1
Saint-Germain	1
Mandchourie	1
Grôland	1
Islåm	1
Migùel	1
Sikasso	1
Bam-Samphaî	1
Lob-Nor	1
Lefebvre	1
Bangfaphan	1
Madrepora	1
Chandernagor	1
Port-la-Plata	1
Montgolfìer	1
Repas	1
Than-Iloa	1
Tiksé	1
Moscowie	1
Hoosànee	1
Monriqui	1
Oiiargla-Soudan	1
Xicarilla	1
Saint-Jea	1
Mahnwud-Pacha	1
Henrý	1
Surtout	1
Yapoun	1
Do-minge	1
Ottoman	1
Côchinchine	1
Guscatlian	1
Tainangidida	1
Laodora	1
Phan-Dinh-Phunb	1
63	1
Mÿriam	1
Tamatave.esl	1
Yolapük	1
Baiii	1
Ardennes	1
Édimbourg	1
Quercus	1
Monte	1
Golconde	1
Ali-Baba	1
Deming	1
Dyipé	1
Kabaraet	1
Vàrigny	1
Chypre	1
Soudanais	1
Longwy	1
Nogent-Ies-Vierges	1
Klecksdorfs	1
Sainte-Anástasie	1
Letai-tsieng	1
Sambara	1
Khokand	1
Zwanzes	1
Ima	1
Arinam	1
Bourges	1
Aïn-Tédeiès	1
Ecrives	1
Savenay	1
Ecrivez	1
Bokary	1
Théo-crite	1
Laghouât	1
Zaandam	1
Rincon	1
Séine	1
Thai-Binh	1
Haut-Congo	1
Bénié-Couamié	1
Maine-et-Loire	1
Erima	1
Son-màri	1
Mahamavo	1
Ôçman	1
Khan-Minyehj	1
Vistka	1
Aboû-Hamëd	1
El-Malo	1
Ligneuville	1
Portland	1
Dépôt	1
Duprat	1
Ajégo	1
Lempa	1
Alonzo	1
Bang-taphan	1
Poterie	1
Weenem	1
Barnum	1
Port-Veld	1
Paldik	1
Astoria	1
Viuirudo	1
Lhassa	1
Belle-mòre	1
Parme	1
Marie-Madeleine	1
Gaspienne	1
Sigcau	1
Nirvana	1
Quelques-unes	1
Air-Sibba	1
Seflora	1
Paccolade	1
Pompeya	1
Metz	1
Crescent-C'	1
Lang-Sori	1
Anglo-Saxon	1
Domine	1
Instruction-publique	1
Cordonnier	1
Gates	1
Kiyira	1
V.elez	1
Morvan	1
Marrakech	1
LRonie	1
Anatomique	1
Persan-Beau	1
Domard	1
Mazeau	1
Sainle-Luce	1
Basse-Normandie	1
Trans-t	1
Creuse	1
Banque	1
Liernais	1
Galibi	1
In-dianapolis	1
Saint-Vaastles	1
Koloa-	1
Montaigne	1
Hu	1
Sanderianum	1
Ha	1
Gray	1
Port-Beìra	1
Pikouloki	1
Sei-gneurie	1
Ouï	1
Tins	1
J’	1
Thermes	1
Trévires	1
Haut-Oubanghi	1
Hart	1
Torpilles	1
Raffarin	1
Dardanelles	1
Rembrandt	1
Téàtoua	1
Léopardi	1
Merry	1
57	1
Kaïlua	1
53	1
Godefroy	1
Nephro-mium	1
Espérance	1
Cascades	1
Greuze	1
Ramnazar	1
Caphar-naum	1
LouisGilles	1
Geoffroy	1
Corogne	1
Wynberg	1
Liranga	1
An-nam	1
Angoslura	1
Gégou	1
Farquhar	1
Cameróiì	1
Thomson	1
Drôle	1
Draguignan	1
Ghowkas	1
Kokand	1
Parlez-moide	1
Atton	1
Agastya	1
Tunique	1
Glais-Bizoin	1
Bartrina	1
Ogattala	1
Obidos	1
Caillou	1
Thorshavn	1
Niero	1
Néron	1
Guéménée	1
Funza	1
Singapour	1
Bouzie	1
Couffo	1
Machorerasl	1
Saint-Raphaël	1
Nunez	1
Paris-Turin	1
Gulbert	1
Caldera	1
Liver-pool	1
Brin-	1
Huxley	1
Sceaux	1
Longjumeau	1
Témoins	1
Tré-	1
Nieves	1
Bechuanaland	1
Chindi	1
Barthes	1
Manipoury	1
Heine	1
Jaint-Gervais	1
Goomtee	1
Errants	1
M.CHÁRL	1
Guèret	1
Post-paid	1
Maf-sitis	1
ÉtoilerBlanche	1
Munier-Chalmas	1
Aïn-et-Tin	1
Polichinelle	1
Nord-Ouestest	1
Orvillers	1
Dane-mark	1
Gon-gola	1
Dumetiy	1
Rosny	1
Mesdames	1
Salford	1
Antonins	1
Amandébélé	1
Chance	1
Trafalgar	1
Sandjou-Davane	1
Dar-four	1
Cangue	1
Ivòhino	1
Mopti	1
Véneuéla	1
Écoutez-moi	1
Pacifiquè	1
Calicut	1
Marton	1
Rhias	1
Manipoure	1
In-Kiung	1
Ôrari	1
Wencelas	1
Tchuan	1
Molokaï	1
Ikwa	1
MrMoriey	1
Roeskilde	1
Hoche	1
Müller	1
Jeffries	1
Àden	1
Lupton	1
Port-ßourbon	1
Renaud	1
Bron-gniard	1
Lowi	1
Iapone	1
Madhi	1
Hawai	1
Con-dochladia	1
Nyirinefor-mentqu	1
Quo	1
Ago	1
Laya	1
Ommegang	1
Ôbi	1
El-Goléah	1
Meywar	1
Nôùméâ	1
Das	1
Blessée	1
BarUeur	1
Andiba	1
Hammam-el-Lif	1
Moka	1
Newhavën	1
Dombourg	1
Laigíe	1
Ferro	1
Flonida	1
Stylaster	1
Pulo-Rou	1
Hall	1
Pitelt	1
Parker	1
Comorin	1
Lookwood	1
Kobaza	1
Montièr	1
Benna	1
Baines	1
Cármeriitö	1
César	1
Auzi	1
Kassongo	1
Bambino	1
Tientsin	1
Rautie	1
Ulves	1
Kaolin	1
Bandaoua	1
Jehan	1
Ilué	1
Zêdre	1
Adi-Gobbo	1
SaintrPierre	1
Youst-Indes	1
Amalfi	1
Bosphore.de	1
Tuscon	1
Hyþnum	1
Tauris	1
Centrale	1
Yéné-zuéla	1
Domnonée	1
Bougairinville	1
Thun	1
Aniasné	1
Lapérouse	1
Falaba	1
Corti	1
Fontenay-lc-Comte	1
Justice	1
Arabì	1
Antigoa	1
Mathuisieuia	1
Maine	1
Louis-Napoléon	1
Neukornm	1
Barcino	1
Manière	1
Mores	1
Finis	1
Montreuil	1
Daumas	1
Soromarånq	1
Tope	1
Upoiu	1
Pégase	1
Co-Xuyen	1
Voire	1
Co-Haïn	1
Kiangson	1
Ifcouiri	1
Étoilè-Blanche	1
Wlazemsky	1
Von	1
Mo-junga	1
Oundi	1
Cape-Goast	1
Spitz-berg	1
Poursuite	1
Ricbeliou	1
Maisy	1
Chinei	1
Epinal	1
Africaine	1
Wackerstroom	1
Djebel-Ses	1
Tespace	1
Brune-tartine	1
Hankéou	1
Heilpin	1
De-Tham	1
Pois	1
Kreutz	1
Ophiurides	1
Areto	1
Citoyen	1
Juliobona	1
Borbu	1
Saint-Yrteix	1
Porto-Besso	1
Venir	1
Mézy	1
Adamaouaàla	1
Assalmi	1
Cent	1
Falcovaia	1
Marté	1
Pampas	1
Jogis	1
Blétray	1
Lulelf	1
Mission	1
Dumas	1
Lugano	1
Pierrefonds	1
Teutonic	1
Lhanidlo.es	1
Kefr-Kënna	1
Matiiui	1
Foraminîféres	1
Adena	1
Neukomra	1
Tsi	1
Cachémyr	1
Toungourou	1
Baalbek	1
Develay	1
Proserpine	1
Haiphong	1
Villanueva	1
Algrr	1
Venukoíf	1
Liah-court	1
Malderon	1
Tan-ganyika	1
Daond	1
Sal-vi-Peradas	1
Parle	1
Tovéta	1
Chariots	1
Rév	1
Ivrogne	1
Dèborah	1
Wran-gel	1
Chantrey	1
Korat	1
Behar	1
Em-pire	1
Kas-songo	1
