--delete	873
paris	257
île	231
amérique	218
france	199
afrique	135
mer	134
europe	121
inde	91
lagarto	79
bengali	73
détroit	69
dimanche	68
angleterre	65
chine	65
californie	56
new	56
gustave	53
sorcière	53
marne	51
san	49
guyane	46
océan	45
artagnan	44
nora	42
londres	41
meuse	41
états-unis	41
indes	40
océanie	40
cayenne	38
japon	38
bornéo	37
asie	36
edgard	36
pyrénées	34
atlantique	33
australie	33
new-york	33
place	33
espagne	32
calcutta	31
pacifique	31
industrie	29
russie	29
hindoustan	27
macao	26
orient	26
san-francisco	26
santiago	26
orne	25
township	25
hollande	24
neddy-neddy	24
ohio	24
tom	24
allemagne	23
arkansas	23
malaisie	23
monténégro	23
rhin	22
haute-marne	21
morbihan	21
puy-de-dôme	21
colorado	20
hindou	20
loire	20
meurthe-et-moselle	20
nancy	20
sa	20
salvador	20
sibérie	20
tranquille	20
algérie	19
basses-pyrénées	19
belfort	19
bretagne	19
champagne	19
côte	19
grand-esprit	19
khiva	19
nièvre	19
pyrénées-orientales	19
sahara	19
véga	19
washington	19
boulogne	18
compiègne	18
côtes	18
mississipi	18
birmanie	17
grand	17
italie	17
madrid	17
ovenga	17
saïd-yama	17
séraphin	17
niger	16
oise	16
rome	16
sumatra	16
wogan	16
bamangwatos	15
ben-saïd	15
grande-bretagne	15
hautes-pyrénées	15
moselle	15
méditerranée	15
padmala	15
portugal	15
sacramento	15
saint-louis	15
vienne	15
athènes	14
barrack-poor	14
bravo	14
gilberte	14
hougly	14
indo-chine	14
langres	14
lisbonne	14
malaouen	14
porte	14
rouen	14
saint-malo	14
vendôme	14
aisne	13
art	13
bruxelles	13
encore	13
islande	13
martinique	13
querlaouen	13
saint-paul	13
santa-fé	13
saïmira	13
suez	13
suisse	13
suède	13
valparaiso	13
valpreux	13
yport	13
zanzibar	13
aden	12
bombay	12
caucase	12
chronique	12
compagnie	12
grèce	12
himalaya	12
java	12
kaly-kouba	12
lesseps	12
mexique	12
normandie	12
nouvelle-galles	12
parana	12
pas-de-calais	12
saint-jean	12
turkestan	12
vannes	12
œil-de-lynx	12
amazone	11
amiens	11
barranquilla	11
canada	11
cap	11
congo	11
départements	11
grée	11
hélas	11
lahore	11
louisiane	11
niagara	11
postville	11
quengueza	11
seine	11
tyne	11
uruguay	11
afghanistan	10
albanie	10
alger	10
apatou	10
argentine	10
aventures	10
brésil	10
côte-d'	10
egypte	10
grande	10
liban	10
littoral	10
madagascar	10
marseille	10
mm.	10
naïr	10
prairie	10
rio	10
seraphita	10
taïti	10
tugo-in	10
vichy	10
alaska	9
allier	9
andes	9
bade	9
bagdad	9
bayonne	9
beauvais	9
belgique	9
brooklyn	9
brèche	9
carcajoux	9
laberge	9
lapon	9
libéria	9
malacca	9
mortagne	9
noël	9
ornain	9
parmi	9
prague	9
providence	9
stanley	9
syrie	9
tamara	9
tiflis	9
turquie	9
varvara	9
victoria	9
yanic	9
zermatt	9
aire	8
alsace	8
astrakan	8
avenue	8
batz	8
bordeaux	8
buenos-ayres	8
cambodge	8
canton	8
cherbourg	8
clermont	8
coumassie	8
fernando-po	8
geographie	8
godin	8
imp	8
laponie	8
laval	8
lukoga	8
missouri	8
mozambique	8
nevers	8
nouvelle-guinée	8
ogooué	8
pasquin	8
philadelphie	8
pirée	8
raton	8
red-maple	8
saint-pierre	8
shanghai	8
sonde	8
strasbourg	8
sénégal	8
tenez	8
thomas	8
vilaine	8
virginie	8
vosges	8
voyages	8
yankee	8
alpes	7
andré	7
argonne	7
arras	7
aube	7
auvergne	7
bigorre	7
boileau	7
burmah	7
caboul	7
cattaro	7
chili	7
châlons-sur-marne	7
co-topaxi	7
cochinchine	7
dixon	7
ecosse	7
esprit	7
guadeloupe	7
harnheim	7
iraouaddy	7
khyber	7
long-branch	7
madras	7
nantes	7
naples	7
nevada	7
nouvelle-calédonie	7
nouvelle-orléans	7
obindji	7
occident	7
oudjiji	7
perpignan	7
philippines	7
pingouin	7
pluie	7
port-louis	7
rennes	7
saint-brandan	7
saint-michel	7
saint-nazaire	7
saint-pétersbourg	7
santa-barbara	7
siam	7
siva	7
somme	7
souvenirs	7
tigre	7
verdun	7
white	7
yang-tsé-kiang	7
alençon	6
alerte	6
ameida	6
aspres	6
autriche	6
bataille	6
berlin	6
besançon	6
brest	6
brème	6
calais	6
capitaine	6
ceylan	6
corée	6
damas	6
davidson-house	6
dieppe	6
el	6
empire	6
floride	6
ganga	6
garonne	6
gheer	6
gibelotte	6
havre	6
james	6
je	6
karabouffi	6
kentucky	6
kéral	6
les	6
lorraine	6
luxembourg	6
l’	6
mandalay	6
manille	6
mecque	6
mme	6
natal	6
nicaragua	6
nil	6
nord	6
norvège	6
notre-dame	6
nouvelle-zélande	6
orléans	6
oxus	6
perse	6
persique	6
prix	6
reims	6
salomon	6
savanilla	6
seville	6
sirik	6
soudan	6
sébastopol	6
toul	6
tunis	6
union	6
valentia	6
zambèze	6
aa	5
adrar	5
alep	5
amsterdam	5
anglo-indienne	5
atagna	5
bagnères-de-bigorre	5
bar-le-duc	5
barbanton	5
barry	5
barèges	5
belle	5
bouddha	5
bôoué	5
caen	5
canigou	5
capello	5
chactas	5
chadda	5
chantilly	5
chimborazo	5
constantinople	5
courville	5
creil	5
cuba	5
céleste	5
célèbes	5
de-marle	5
derby	5
deux	5
dingaan	5
dordogne	5
eppsburg	5
eudoxe	5
fitzroy	5
ganada	5
gondokoro	5
goumbi	5
hambourg	5
herzégovine	5
irende	5
japonais	5
kauffmann	5
kihamey	5
kourou	5
laeken	5
louveciennes	5
lugano	5
luz	5
luçon	5
léuy	5
maracaïbo	5
martainville	5
metz	5
morvan	5
mossoul	5
napoléon	5
nouveau-mexique	5
nouvelle-hollande	5
ofoubon	5
okenda	5
orfa	5
osyebas	5
ouf	5
patience	5
pau	5
quand	5
quiberon	5
ras-maaber	5
rosario	5
ruines	5
saint-omer	5
saint-vincent	5
santa-rosa	5
sarthe	5
sierra-leone	5
speeke	5
surinam	5
ségou	5
sévigné	5
tanganika	5
terence	5
tonnerre	5
tours	5
trinidad	5
téhéran	5
vauban	5
wales	5
yellala	5
abbadie	4
affy	4
aie	4
alexandre	4
ashankolo	4
aude	4
auray	4
balkans	4
bassompierre	4
beaux-arts	4
belloy	4
berhampore	4
beyrouth	4
blo-blotte	4
bnf	4
bosnie	4
bougival	4
britannia	4
cantal	4
caroline	4
cazals	4
chaillu	4
chang	4
charles	4
chaumont	4
cherche	4
chiers	4
chypre	4
château-chinon	4
cincinnati	4
colon	4
cook	4
corbières	4
dara	4
diarbekir	4
district	4
dreadnought	4
dékan	4
eagle	4
eclair	4
est	4
eure	4
eurotas	4
fernande	4
flageollet	4
fort-de-france	4
francis	4
frédégonde	4
galles	4
gambo	4
gange	4
garde-moi	4
gascogne	4
gibraltar	4
granville	4
guyandot	4
hague	4
haut-rhin	4
henrietta	4
holyhead	4
hopango	4
ia	4
irlande	4
jag-sanias	4
kad-zourim	4
kali-kouba	4
khartoum	4
kiou-kiang	4
kolakiako	4
koranas	4
landes	4
lea	4
librairie	4
livingstone	4
lunéville	4
lynch	4
macassar	4
magellan	4
maine	4
malot	4
mammoth	4
mans	4
marie	4
mathurin	4
meurthe	4
micronésie	4
mille	4
mohamed-fada	4
mongolie	4
montagne-noire	4
mores	4
mékong	4
mûrier	4
nagas	4
nasskaj	4
nattanville	4
nezebia	4
nicopoli	4
njali	4
nola	4
nordenskiold	4
pauvre	4
pawnies	4
picardie	4
piriac	4
pittlekaj	4
plata	4
pont-ecrepin	4
pontivy	4
prades	4
péking	4
quoique	4
ranie	4
renaissance	4
rhône	4
rivières	4
roi	4
république	4
saigon	4
saint-	4
saint-dizier	4
saint-georges	4
saint-germain	4
saint-lô	4
sainte-anne	4
salut	4
salé	4
samara	4
san-nicholas	4
setchuan	4
shékianis	4
singapour	4
smolensk	4
smyrne	4
societe	4
soyez	4
stenay	4
tarbes	4
tech	4
tel	4
texas	4
thiers	4
timour-leng	4
tobolsk	4
tombouctou	4
toulouse	4
tous	4
trenton	4
tripoli	4
tuan	4
ujfalvy	4
uspallata	4
valmy	4
venezuela	4
venise	4
vie	4
vincent	4
voltaire	4
yeddo	4
yonne	4
étienne	4
adour	3
alice	3
alvar	3
amé-siqué	3
anam	3
andaman	3
anglais	3
anne	3
aral	3
aran	3
arnay-le-duc	3
aron	3
ashinga	3
ashira	3
aubigny	3
aujon	3
açores	3
baalbek	3
baltimore	3
banave	3
barbade	3
basse-terre	3
bassorah	3
bastan	3
bijou-basin	3
bokhara	3
bonneville	3
bordentown	3
bougainville	3
boukhara	3
brahmapoutra	3
brazza	3
buffon	3
bulgarie	3
caire	3
campan	3
candiotti	3
carpentarie	3
cauterets	3
chandernagor	3
chavanoux	3
chicago	3
château-gontier	3
clazais	3
come	3
cordoue	3
cork	3
cour	3
coutances	3
crusoé	3
c’	3
dampher	3
danemark	3
demain	3
dijon	3
djôf	3
dore	3
dresde	3
dôme	3
east	3
echer-rague	3
entre-rios	3
epernay	3
fanchon	3
faro	3
fayl-billot	3
ferme	3
finistère	3
flandre	3
flinders	3
florès	3
fontainebleau	3
février	3
garde	3
gauthier	3
gavarnie	3
gers	3
goa	3
granada	3
grand-bassam	3
grand-duché	3
grenade	3
guinée	3
halte	3
hindou-kouch	3
hoang-ho	3
homère	3
hong-kong	3
hourra	3
humboldt	3
héricourt	3
ibrahim	3
illustres	3
indiana	3
irgunnuk	3
iriondo	3
issoire	3
iturrasse	3
i’	3
ja	3
javercy	3
john	3
kanga	3
kaufmann	3
kouihara	3
lambert	3
lamer	3
lamperrière	3
las	3
leavenworth	3
lewis	3
liane	3
liph	3
lunoga	3
ma	3
madré	3
magdalena	3
malabar	3
malgre	3
mardin	3
mariannes	3
maroc	3
mars	3
maubarg	3
mbon-démo	3
mendana	3
mo	3
mo-coco	3
moha-ti-as-sah	3
monay	3
montreuil	3
mourmelon-le-grand	3
muere	3
ménam	3
nejd	3
nick	3
oloron	3
oman	3
orphelinat	3
ougouha	3
palestine	3
palma	3
panama	3
papeiti	3
pardon	3
paria	3
parisian	3
parou	3
pas	3
pays-bas	3
peaux-rouges	3
perm	3
pesth	3
plaza	3
pomaré	3
pontianak	3
port-darwin	3
porteur-de-foudre	3
portsmouth	3
poulo-pinang	3
rade	3
raleigh	3
ratinup	3
rieka	3
rio-bamba	3
riom	3
rocs-jaunes	3
roussillon	3
saint-aman	3
saint-cloud	3
saint-vincent-de-mercuze	3
sainte-catherine	3
sainte-lucie	3
sainte-marie	3
samarkande	3
sancy	3
sandwich	3
savoureuse	3
saône	3
scarpe	3
se	3
seine-et-marne	3
shoshung	3
sidney	3
silence	3
sitka	3
soledad	3
speranzaj	3
storm	3
sud	3
ta	3
tamerlan	3
tartarie	3
taute	3
teza	3
thibet	3
tomsk	3
tonga	3
traversée	3
tri-tree	3
trieste	3
trotting	3
trou	3
tschoutsches	3
tsernagore	3
tsettinje	3
varzy	3
vire	3
wanderer	3
whoon-yang-kaan-maan-yunk-poo	3
wilmington	3
zebdah	3
àméim-que	3
academie	2
agly	2
alban	2
albanaia	2
albe	2
albères	2
aleppo	2
allersontown	2
alliance	2
amersfoort	2
andalousie	2
angcor	2
anjou	2
année	2
antoine	2
arc	2
ardennes	2
argelès	2
ariège	2
armagnac	2
armide	2
arnay	2
arques	2
aruba	2
ashanti	2
ashourada	2
aspe	2
assassinat	2
assiniboines	2
atlas	2
aucun	2
audré	2
aure	2
aussitôt	2
ava	2
avantages	2
avranches	2
awouas-soula	2
ay	2
azun	2
babylone	2
baccarat	2
bactriane	2
baden-baden	2
bagamoyo	2
bala'	2
bali	2
baltique	2
banane	2
banca	2
banda	2
banyaluka	2
banyuls	2
barbarie	2
barnett	2
barolongs	2
barrias	2
basch	2
batchian	2
beagle	2
beda	2
benares	2
berber	2
berbères	2
betchuanas	2
bethune	2
bidassoa	2
bioné	2
bir-ed-jik	2
bissayas	2
blavet	2
blessés	2
bockara	2
bois-le-duc	2
bolor	2
bondervoët	2
bonhomme-richard	2
bonin-sima	2
borja	2
bosh	2
boston	2
bouches-du-rhône	2
bourbon	2
bourgogne	2
bourou	2
bresche	2
bri-con	2
briey	2
british	2
brustad	2
bureaux	2
burgerpark	2
cafre	2
cambay	2
cance	2
canche	2
capoue	2
caramba	2
cardwell	2
carte	2
cas-tclli	2
casse-cou	2
castille	2
ce	2
ceram	2
ces	2
chalybo	2
charge	2
chatou	2
chavannes	2
cher	2
chino	2
christiania	2
château	2
château-villain	2
cirey	2
claie	2
combat	2
commerce	2
complice	2
cordillère	2
corfou	2
corinthe	2
couesnon	2
creuse	2
croisilles	2
dame	2
danube	2
dayak	2
delaporte	2
delhi	2
delle	2
desert	2
dimitri	2
dinard	2
diri-geable	2
dives	2
don	2
douai	2
drapeau	2
dupeyra	2
duquesne	2
déplorables	2
désirade	2
east-river-bridge	2
edessa	2
effroyable	2
elisabeth	2
ellyria	2
enfin	2
epire	2
epsom	2
erables	2
ermenonville	2
ernée	2
erymanthe	2
esculape	2
espérance	2
est-il	2
estaing	2
etrek	2
euphrate	2
eure-et-loir	2
excursion	2
fa	2
faire	2
fliki	2
folie	2
fontaine	2
fontanges	2
forez	2
francklin	2
frandji	2
franklin	2
frouard	2
frédérique	2
gaboon	2
gardhaïa	2
gendarmerie	2
georges-washington	2
georgetown	2
geylan	2
ghats	2
ghazni	2
giacomelli	2
gitaria	2
gladiator	2
glenelg	2
gordon	2
gorgona	2
gorée	2
goudjérate	2
gournay	2
grand-camp	2
grandes-landes	2
greener	2
greenwich	2
grouin	2
grows	2
grégoire	2
gueule-d'	2
guillaume	2
guinard	2
guéry	2
générosité	2
hamoa	2
haute-saône	2
hazebrouck	2
hercule	2
hettenshan	2
hobbema	2
home	2
homs	2
hopou	2
hospitalier	2
houat	2
héas	2
hérat	2
hérodote	2
ikoi	2
ile-de-france	2
ili	2
ille	2
ille-et-vilaine	2
illinois	2
in	2
in-çalah	2
indiens	2
inengas	2
irrett	2
isabelle	2
istres	2
itinéraire	2
jersey	2
joie	2
joinville	2
joliet	2
josephine	2
jura	2
juvigné	2
jérusalem	2
kadjery	2
karéma	2
kentai	2
kharisim	2
khoukhou-noor	2
kiakhta	2
kitmutgar	2
kokonoor	2
koringhi	2
kouldja	2
la	2
la-goon	2
lagoa	2
lahontan	2
laigle	2
laos	2
largato	2
lauterbrunnen	2
lemberg	2
letloche	2
li	2
libre	2
lieou-kieou	2
lille	2
limagne	2
linokana	2
lissel	2
longwy	2
los	2
lou-ron	2
louis	2
louis-philippe	2
lourdes	2
louv	2
louvre	2
lozère	2
lune	2
lys	2
macbeth	2
madeleine	2
madrilènes	2
majesté	2
majorque	2
malheureusement	2
malpalu	2
maltraitée	2
mandchourie	2
maniara	2
manitoba	2
mançanarez	2
marbore	2
marcgrave	2
maria	2
marie-jeanne	2
marine-square	2
marly	2
marmite	2
maroni	2
mas-hamamai	2
massina	2
mau-léon	2
maurice	2
maître-diable	2
mbisho	2
mendoza	2
mesaventures	2
meurajah	2
mexicaine	2
mexico	2
molapo	2
monaco	2
monterey	2
montlouis	2
mosilokatsé	2
muck-e-too	2
mulhouse	2
muséum	2
mycènes	2
mé-dor	2
méduse	2
mézières	2
nan-ling	2
nankin	2
narbonne	2
narenta	2
nazareth	2
neste	2
nice	2
nicholas	2
nicobar	2
ninive	2
nivelle	2
no	2
notti	2
nousa	2
nouvelle-bretagne	2
nyanza	2
néouvielle	2
obi	2
odessa	2
ogobai	2
oh	2
olanga-condo	2
onitcha	2
orbigny	2
orenbourg	2
orissa	2
ornes	2
ossau	2
ossone	2
othain	2
ouanne	2
ounyanyembé	2
ouragan	2
oural	2
ouvira	2
panthéon	2
paradoxe	2
paraît	2
parbleu	2
pas-de	2
pays	2
pegu	2
perche	2
personne	2
phé-lippeaux	2
phénomènes	2
pierre	2
pierrefitte	2
pitcairn	2
ploermel	2
pointe	2
pologne	2
polway	2
polynésie	2
pomotou	2
pomègue	2
port-d’	2
port-vendres	2
portbail	2
première	2
prusse	2
pruth	2
préault	2
puerta	2
puis	2
puy-de	2
pyramide	2
pékin	2
pérou	2
pérouse	2
queen	2
queen-victoria	2
quiros	2
qué	2
québec	2
ramah	2
red-	2
rembo	2
rembrandt	2
rille	2
robinson	2
rochechouart	2
romania	2
rose-en-bouton	2
roumelie	2
royaume-uni	2
résultats	2
saint-barnabé	2
saint-barthélemy	2
saint-benoît	2
saint-bris	2
saint-denis	2
saint-etienne	2
saint-gilles	2
saint-jacut	2
saint-nicolas	2
saint-sauveur	2
saint-vaast	2
saint-wast	2
saint-éloy	2
saintes	2
saire	2
san-joaquin	2
san-luis-obispo	2
san-salvador	2
sancta	2
sandalwood	2
saratoga	2
sarawack	2
sari	2
satan	2
satledj	2
savorgnan	2
saxe	2
saône-et-loire	2
scarborough	2
schnebbekab	2
schœnhausen	2
scorff	2
scott	2
scutari	2
seille	2
seine-inférieure	2
senlis	2
sens	2
servières	2
shakespeare	2
shintoo	2
shtaura	2
sikoff	2
sinnamary	2
sirene	2
smith	2
soulou	2
sparouine	2
sphinx	2
stentor	2
sublime	2
subtilités	2
suger	2
sullivan	2
sumbava	2
supplice	2
sydney	2
sylphide	2
séez	2
sénégambie	2
sésostris	2
sézanne	2
ta-ly	2
taborah	2
talamanca	2
tambof	2
tapajos	2
tapanahoni	2
tauris	2
te	2
terry	2
thionville	2
tian-chan	2
tibre	2
timor	2
titi	2
toi	2
toro-weap	2
touat	2
toulon	2
toura	2
touraille	2
touvrir	2
traîné	2
troesne	2
tréport	2
tunique	2
téméraire	2
ulmo	2
van-derbusch	2
vassy	2
vautour	2
venlo	2
verescogina	2
veritas	2
viaud	2
villa-vicencia	2
ville-de-saint-nazaire	2
vilmereuil	2
vingt-cinq	2
vitry-le-françois	2
vivi	2
voici	2
volga	2
volney	2
voroneje	2
weisthor	2
wimeremy	2
wissembourg	2
woévre	2
xviiie	2
yary	2
ybicuy	2
yirginienne	2
yokohama	2
yolio	2
zeta	2
zuyderzée	2
zwolle	2
zériba	2
écureuil	2
études	2
1870-1871	1
a-t-on	1
ab	1
abbeville	1
abdallah	1
abdéramé	1
abeille	1
abordage	1
abou-bakar	1
abron	1
absence	1
abyssinie	1
abé-lard	1
acapulco	1
ace	1
acheter	1
acolin	1
acre	1
acteon	1
active	1
adams	1
adieu	1
adonis	1
adonma	1
adoumas	1
adriatique	1
affrouaga	1
afgha	1
afri-	1
agatharcèdes	1
agonizanti	1
agrah	1
aguero	1
ah	1
aile-ghanys	1
ailly	1
ailons-y	1
ain	1
airon	1
ajmata	1
akhale	1
aksou	1
ala-koui	1
alabama	1
aladja	1
alagnon	1
alakananda	1
albi	1
alcibiade	1
aleko	1
alh	1
ali	1
allaine	1
allaska	1
alloolah	1
allée-verte	1
alsa-cien	1
alsace-lorraine	1
alt-serton	1
alumbi	1
alupka	1
alène	1
amarapoura	1
ambielle	1
ambleteuse	1
amboine	1
amboise	1
ame	1
ameluze	1
amida	1
amis	1
amou-déria	1
amour	1
amphitrite	1
amsi	1
amélie	1
amélie-les-bains	1
an-	1
anadyr	1
anastase	1
anatolie	1
ancisan	1
and-khuy	1
andelle	1
anderson	1
andon	1
andorre	1
andrinople	1
angers	1
anglas	1
angleierre	1
anglo	1
anglo-bengali	1
angoisses	1
aniase	1
annam	1
annie	1
anqui	1
anse	1
antigoa	1
antin	1
aoste	1
aoua	1
apance	1
aphrosida	1
apingi	1
apostat	1
aprfcs	1
ar-taguan	1
arabe	1
arabie	1
aracan	1
aragon	1
arahes	1
araize	1
arara	1
arbigland	1
archimède	1
arctique	1
arcueil	1
ardanabia	1
ardre	1
ardres	1
arexshire	1
argenteuil	1
argos	1
arisona	1
arituellement	1
arkarisas	1
arlon	1
armada	1
arnay-sur-arroux	1
arnide	1
arnold	1
aronde	1
arrière	1
arta	1
arthel	1
artilce	1
artois	1
artouste	1
arz	1
ashonkolos	1
asiatiques	1
asnières	1
aspinwal	1
assaut	1
assieds-toi	1
assyrie	1
astarac	1
astrolabe	1
atine	1
atocha	1
attancourt	1
attendez-moi	1
attends	1
au-	1
aubette	1
auch	1
aucune	1
auge	1
augusta	1
aujourdhui	1
aunon	1
aurigny	1
ausance	1
aussi	1
autriche-hongrie	1
auve	1
auxy-le-château	1
avenga	1
avent	1
aversalle	1
avignon	1
avize	1
avon	1
avre	1
avril	1
awe	1
azonnes	1
azor	1
ba	1
ba-iriisra	1
ba-zoches	1
baba	1
badin	1
bagneres-	1
bagnères-de-luchon	1
bahia	1
bahl	1
baikal	1
bainoura	1
baize	1
bakalais	1
bakan	1
baker	1
balkach	1
ballon	1
bally	1
balthazar	1
balzac	1
bambouk	1
bandja	1
bandjer-massin	1
bangkok	1
bangouelo	1
banquo	1
bapaume	1
bar	1
baraïda	1
barbatula	1
barcarès-saint-laurent	1
barcelone	1
barnaoul	1
barràch-poor	1
barton	1
barée	1
bas-signy	1
bass	1
bassac	1
basse-bretagne	1
basse-navarre	1
basse-œuvre	1
bastards	1
baste	1
bastide-ville-franche	1
batignolles	1
batna	1
battam	1
batterie	1
baudricourt	1
baye	1
bayon	1
bazar	1
be-rœa	1
beau	1
beau-coudray	1
beauharnais	1
beb-man	1
beechey	1
beilon	1
bel	1
belesme	1
belgioso	1
bellagio	1
belle-perche	1
bellgali	1
beloochs	1
belot	1
benga-low	1
benguala	1
benia	1
benjamin	1
bernard	1
berne	1
beroa	1
berthe	1
bertholetia	1
berésina	1
bessarabie	1
bessin	1
bethléem	1
beuvronne	1
beuzeval	1
bexar	1
beyssier	1
bhopaul	1
bi	1
bicetre	1
bick	1
bidgery	1
bidouze	1
bigelina	1
bignon	1
bil-laud-varennes	1
billancourt	1
billiton	1
binon	1
bintâng	1
bionne	1
birsk	1
bismarck-schœnhausen	1
biville	1
blaimont	1
blanchard	1
blanche	1
blanville-la-grande	1
blaye	1
bleinfeix	1
blesmes	1
bleu	1
block	1
blois	1
blême	1
bobian	1
bobigny	1
bobonasa	1
boche	1
boddeback	1
boers	1
bogota	1
bohême	1
boit	1
bolivie	1
bombonnel	1
bon-saïd	1
bon-secours	1
bondy	1
bongali	1
boni	1
bonnay	1
bonne	1
bonne-espérance	1
bonnet	1
bonny	1
bord	1
bords	1
borromées	1
boruéo	1
borée	1
bos	1
bosio	1
bosufe	1
botany-bay	1
bou-el-lodgar	1
bou-el-mogdar	1
boual	1
bouloum	1
boulzane	1
bour	1
boura-ganga	1
bourbonne-les-bains	1
bourges	1
bourgneuf-la-forêt	1
boussingault	1
boutan	1
bouvet	1
braghirati	1
brahma	1
brajanne	1
brasac	1
brave	1
brayer	1
bre	1
breche-aux-cocotiers	1
briante	1
brie	1
brienne	1
brienz	1
brillat-savarin	1
brindisi	1
brindisipour	1
briouze	1
britan-nicus	1
brix	1
bromson	1
broto	1
brouoi	1
brousse	1
brown	1
broyés	1
brull	1
brèche-des-cocotiers	1
brècho	1
bréard	1
brézé	1
bubastis	1
bucharest	1
buckingham-rqad	1
buenas	1
buffalo	1
bully-grenaye	1
bunder-meurajab	1
bur-rah	1
burande	1
bure	1
burèges	1
bushirah	1
bussyla-côte	1
buviez	1
buzenval	1
byron	1
bâton-rouge	1
béarn	1
béhobie	1
bélouchistan	1
bénédict	1
béron	1
béthuue	1
bône	1
bœuf	1
ca	1
ca-lah	1
cachar	1
cache	1
cachipour	1
cadi	1
cafe	1
cafres	1
caillaud	1
cajserie	1
calcine	1
caldegas	1
calebasse	1
caliban	1
calicot	1
calinas	1
callot	1
camarades	1
camargue	1
cambo	1
cambre	1
campbell	1
cana	1
cananor	1
canards	1
candahar	1
cap-vert	1
cape-coast	1
capricorne	1
caqueray	1
car-rickfergus	1
caractères	1
carajo	1
caraïbes	1
cardiff	1
carey	1
carl	1
carlsruhe	1
caron	1
carpbell	1
carvin	1
cas	1
caspienne	1
casteili	1
castelli	1
castelnau	1
castle	1
catalogne	1
caudebec	1
caudiès	1
caux	1
cavalte	1
cavoie	1
caxoveira	1
cela	1
celles	1
celui	1
celui-ci	1
cendrecourt	1
cendres	1
cent	1
centre-amérique	1
centre-nord	1
centre-sud	1
cerdagne	1
cervantes	1
cervin	1
ces.braves	1
cetewayo	1
cettiwayo	1
chabot	1
chacun	1
chalaux	1
chalon	1
chalons-sur	1
chaman	1
champigny	1
champlemy	1
chantrigné	1
chapelle	1
chaque	1
charaire	1
charenton	1
charlemagne	1
charles-martel	1
charles-quint	1
charny-sur-meuse	1
charpentier	1
charybde	1
chasse	1
chateauneuf	1
chatrian	1
chau-doc	1
chaud	1
chaudron	1
chausey	1
che-mah	1
chimba	1
chimpanzé	1
china-town	1
chinois	1
chohe	1
choringui	1
chowringi	1
chrelteu	1
chàiraine	1
chàtillon-sur-seine	1
châtel-guyon	1
chée	1
chéron	1
ciel	1
cinq	1
citeaux	1
civita-vecchia	1
cla	1
clahetie	1
clairac	1
clamecy	1
clarence	1
claretie	1
clarke	1
clicquot	1
clinton	1
cluny	1
clyde	1
coach	1
cojutepeque	1
col	1
colbert	1
coligny	1
colmels	1
colonel	1
colonne	1
colore	1
colt	1
columbia	1
colâtre	1
comanches	1
commercial	1
compris	1
conaco	1
condamne	1
conde	1
conflans	1
conlu	1
constance	1
constantine	1
contemporaine	1
conti	1
continue	1
coool	1
cooper	1
copenhague	1
coquin	1
cor	1
coran	1
cordil-	1
cordova	1
corlitte	1
corneille	1
cornot	1
coromandel	1
corrèze	1
corse	1
cosaques	1
cosne	1
cossé-brissac.	1
cotie	1
cottin	1
cou-pey	1
coumelade	1
coupang	1
courrier	1
courtomer	1
couze	1
crac	1
crach	1
craon	1
cratich	1
creusot	1
creuze	1
creuzot	1
crevaux	1
crie	1
croisic	1
croix-blanche	1
crows	1
crâne	1
crânes	1
crécelle	1
crépy-en-valois	1
cuisine	1
cuivre	1
cul-mont-chalindrey	1
cullenmore	1
culmont	1
cumbre	1
curaçao	1
curieux	1
cusco	1
custom-house	1
cutch	1
cuyo	1
cyprea	1
cyr	1
cythère	1
céleste-empire	1
céphyse	1
céret	1
césar	1
da-vidson	1
dacier	1
dalmatie	1
daman	1
damaras	1
daniel	1
danilograd	1
dannema-rie	1
dantan	1
daourie	1
daque	1
darboy	1
davidson-iiouso	1
davy	1
dayaks	1
de-vale	1
debaize	1
debout	1
decize	1
dee	1
defresne	1
delft	1
delorme	1
demande	1
denorani	1
departments	1
dernières	1
desvres	1
deykla	1
diabordils	1
diane	1
diarhekr	1
didos	1
dieu	1
din	1
dire	1
dites	1
dites-moi	1
diu	1
dix-sept	1
djali	1
djeddah	1
djohar	1
dolni-touzla	1
domat	1
dombarère	1
dombasle	1
domergue	1
domfront	1
dominique	1
domrémy	1
domsheide	1
domshoff	1
don-jeux	1
donjuan	1
dorothee	1
doti	1
douane	1
double	1
doubs	1
douet	1
douraskoï	1
douve	1
dragey	1
dragne	1
drake	1
dreyse	1
driefonteim	1
dubois	1
ducale	1
ducouédic	1
duperre	1
dupuis-thouars	1
duroc	1
dzoungarie	1
dzoungbo	1
délivrer	1
déouta	1
déril	1
déroute	1
east-river	1
easton	1
eat	1
eaux-bonnes	1
eaux-chaudes	1
ebre	1
echo	1
ecouen	1
eddison	1
edels	1
edgar	1
edibé	1
edme-marie-édouard	1
egara	1
egare	1
egmont	1
eh	1
eix	1
ekaterinbourg	1
eldorado	1
elesvuger	1
eli	1
ellice	1
ello-bey	1
elmina	1
ely	1
emessa	1
en	1
enaro	1
encyclopédie	1
endraght	1
enfarits	1
enfer	1
enfia	1
enfonces	1
entrée	1
envoyez	1
epaminondas	1
epi	1
epte	1
equateur	1
erathosthène	1
erck-man	1
erin	1
err	1
erseroum	1
erve	1
erèbe	1
escalade	1
escamotage	1
escaut	1
escot	1
escurial	1
eslaing	1
esope	1
espa-pagne	1
esquimaux	1
essay-les-eaux	1
estavar	1
esteban	1
estero	1
estom	1
et.	1
et.un	1
etaient	1
etais-unis	1
etait-il	1
etampes	1
etaples	1
etarope	1
etat	1
etats	1
etaw-unis	1
etce	1
etel	1
eternel	1
etna	1
etreck	1
etretat	1
eu	1
europa	1
eve	1
evergète	1
exmes	1
experiment	1
faites	1
falmouth	1
farm	1
fart	1
fea-ther	1
feniavin-bay	1
fenouillet	1
fer	1
fernaado-po	1
ferrare	1
ferté-macé	1
feu	1
fi-ruzkuh	1
fichte	1
fidelaire	1
fidji	1
fiers	1
finck	1
findlen	1
finlande	1
fischetto	1
flambart	1
flerkfonteim	1
flikil	1
flin	1
flore	1
florence	1
fluent	1
folonde	1
fontbout	1
fort	1
fouelle	1
fougues	1
fouliot	1
fours	1
fourth	1
fourvières	1
fraiche	1
franco	1
franee	1
françois-arago	1
frecynet	1
froid	1
fromveur	1
fury	1
fère-champenoise	1
fécamp	1
félix	1
gabon	1
gaboul	1
gacé	1
gadès	1
gaigos	1
gaillard	1
galice	1
galveston	1
gamba-	1
gambie	1
gan	1
ganche	1
gand	1
ganda	1
gannat	1
gap	1
gardez-lai	1
gare-aux-boeufs	1
gargantua	1
garnier	1
garris	1
gas	1
gaube	1
gaucho	1
gaud	1
gaudumak	1
gaules	1
gavoie	1
gavray	1
gaza-val	1
gela	1
gelée	1
gengiz-khan	1
genève	1
george-del	1
georges	1
gergogne	1
gergovie	1
gerlier	1
geronimo	1
ges	1
geü	1
ghilan	1
ghâteau-salins	1
gicéron	1
gien	1
gilolo	1
giromagny	1
gironde	1
giseh	1
gissïng	1
gistave	1
gla	1
glablie	1
glace	1
go	1
goe-tenbourg	1
goldfinders	1
golgotha	1
gomush-tepe	1
gonidec	1
gordito	1
gordon-pacha	1
gougoug	1
gourbe	1
gprouve	1
graffigny	1
graines	1
grand-frank	1
grand-héron	1
grand-sahara	1
granges	1
grant	1
gravelines	1
gray	1
grazay	1
greco	1
grenache	1
greytown	1
grignan	1
groenland	1
grosvenor	1
groupe	1
grove	1
gruyane	1
grâce	1
guayaquil	1
guayra	1
gudin	1
guernesey	1
guesne	1
gui	1
guignon	1
guines	1
guise	1
gulf-stream	1
guserat	1
gustaye	1
guyanfe	1
guyanne	1
guyo	1
guzerat	1
guérande	1
guérigny	1
gymnote	1
gèdre	1
géants	1
gélos	1
géorgie	1
gériville	1
h-orre	1
haidarabad	1
hainan	1
hala	1
halifax	1
hallate	1
hallwater-farm	1
hamath	1
han	1
han-yang	1
hanks	1
hanneton	1
hans	1
haran	1
harbruck	1
harlem	1
harold	1
haroun-al-raschid	1
hasfis	1
hassan	1
hastings	1
haugani	1
haui-rhin	1
haut-rbin	1
haute-garonne	1
haute-loire	1
hautes-bruysres	1
hawaii	1
hayderabad	1
haïl	1
hearne	1
hearnii	1
heim	1
hein	1
hellènes	1
hendaye	1
hennebont	1
henry	1
herbinville	1
herculanum	1
herm	1
hermann	1
hesse	1
heu	1
hez	1
hijo	1
hill'	1
hindoupar	1
hiogo	1
hippolyte	1
hitiaca	1
hiver	1
hiérapolis	1
hoedick	1
hoffen	1
hoges	1
hogua	1
hogue	1
hoki	1
hollandaise	1
holle	1
holman	1
holub	1
honda	1
honduras	1
hongrie	1
hongrois	1
hooo	1
hor-nos	1
horroroso	1
houda	1
houlgate	1
houmainsfléi	1
hourakan	1
hozayn	1
hoëne	1
hsrolsme	1
huc-queliers	1
hudson	1
huisne	1
hundes	1
hunspach	1
hura	1
hurat	1
huyne	1
hué	1
hyde	1
hyde-park	1
hécla	1
héliard	1
hôtel	1
hœdic	1
iache	1
iaisse	1
ibicuy	1
ibrahim-bey	1
ida	1
ie	1
ietraiiger	1
if-fesheim	1
iioin	1
ila	1
ily	1
imaginez-vous	1
impossible	1
impressions	1
in-sovobo	1
inan	1
inca	1
india	1
indianapolis	1
indighirka	1
indo-	1
indous	1
inhumé	1
inshan	1
instinct	1
institut	1
ioniennes	1
iowa	1
ir	1
iran	1
iraouddy	1
irindo	1
iron	1
irsk	1
irtych	1
isa-bey	1
isigny	1
isle-adam	1
issy	1
it	1
itala	1
italienne	1
ivan	1
ixe	1
j.-c.	1
jaas	1
jackson	1
jacob	1
jacqueville	1
jacre	1
jagi	1
jai	1
jajee	1
jamais	1
janeiro	1
japo	1
jarbo	1
jardin	1
jarret	1
jaune	1
jav	1
javersy	1
jemmapes	1
jenny	1
jerscy-city	1
jes	1
jetez-le	1
jeumont	1
jls	1
joe	1
john-t	1
johnson	1
joigneza	1
join	1
jolie	1
jonas	1
jose	1
josselin	1
josué	1
joubert	1
jovian	1
jowaki	1
juilly	1
jung	1
junie	1
jurançon	1
juvenal	1
jéricho	1
jérémie	1
j’	1
kaatskul	1
kachemyr	1
kaf	1
kafiristan	1
kair	1
kaloat-ibn-hosn	1
kamtchatka	1
kan-serdcham	1
kan-sou	1
kanyéné	1
kapa	1
kapoukara	1
kara	1
kara-baghshu	1
kara-karoum	1
kara-koul	1
karatchi	1
karatepe	1
karchemich	1
karnac	1
karshi	1
kat	1
katch	1
kattiwas	1
kattywar	1
kazanlik	1
kazeh	1
keirabab	1
ken	1
kensington	1
keresova	1
keski	1
ketcho	1
keyser	1
khama	1
khan-shœyk-hann	1
khing-gan	1
khivie	1
khokand	1
khon	1
khonkhonnoor	1
khrysokus	1
kiama	1
kiang-kéou	1
kiker	1
kilo	1
king	1
kiou-siou	1
kjellmann	1
kléber	1
koljutschin	1
kon-kan	1
kosiviri	1
kotzebue	1
kou	1
kouamafou	1
kouang-ton	1
kouen-loun	1
koundou	1
koursoun	1
koyunjik	1
krapf	1
kraïova	1
krishna	1
kru-senstern	1
ksbatriya	1
kungzat	1
kurdistan	1
kurra-chee	1
kélat-i-ghilzai	1
laborde	1
labuan	1
laconie	1
lacouture	1
ladk	1
lado	1
lagardèrè	1
laghouat	1
lagoin	1
laisse	1
laissez-moi	1
lalanne	1
lalmanach	1
lan	1
lande-vennec	1
languedoc	1
lannemezan	1
lanoux	1
laopapa	1
laos-birman	1
laplace	1
laprade	1
laque	1
laquedives	1
larcis	1
lards	1
large	1
larvessa	1
latoka	1
latran	1
laubeck	1
lausanne	1
laveno	1
layard	1
laïta	1
leaveworth	1
lebas	1
lebon	1
lecomte	1
leeuwin	1
lefebvre	1
lehman	1
lei	1
lemaire	1
lens	1
lentille	1
les-trophéea	1
lesghis	1
lespinasse	1
lesponne	1
leucate	1
leuron	1
levi	1
li-nyanti	1
liambaï	1
lias	1
libarora	1
libena	1
libye	1
lidoux	1
lie	1
liebig	1
lien-cheng	1
liez-moi	1
lightship	1
ligny	1
limpopo	1
linga	1
lipb	1
liverpool	1
livino	1
livinsgtone	1
liwing-fone	1
lo	1
loffoden	1
logar	1
loin	1
loir	1
loire-inférieure	1
loiret	1
lombock	1
lombok	1
longni	1
longueville	1
longuyon	1
loo-choos	1
loro	1
lorsque	1
loudun	1
louisville	1
loutre	1
loyal	1
lozon	1
luala	1
lubergo	1
lucas	1
luchon	1
ludan.	1
lui	1
lunatic	1
luze	1
luzoué	1
lybie	1
lyon	1
làl	1
lâche	1
lâches	1
léna	1
lépante	1
léviathan	1
m.itokes	1
ma-cuipi	1
ma-jalweh	1
ma-zano	1
machine	1
macédoine	1
made	1
madeira	1
madon	1
madoura	1
madréporiques	1
madère	1
magnas	1
magnolias	1
mahaena	1
mahé	1
mai-ma-tchin	1
mai-poun	1
maire	1
maisondorée	1
maixe	1
makinda	1
makra	1
makulles	1
malagarazi	1
malamine	1
maldives	1
mallard	1
mamisa	1
mandan	1
mangia	1
manzat	1
mar-changy	1
mara	1
marabou	1
marans	1
marat	1
marche	1
margab	1
marie-elizabeth	1
marie-thérèse	1
martaban	1
martha	1
maruta	1
mascarenhas	1
mascate	1
mastaï-feretti	1
matt-marck	1
matz	1
maupertuis	1
maury	1
mauvais-chenal	1
maxel	1
may	1
maydashooa	1
maymene	1
mayne-reid	1
mazendran	1
mazeppa	1
mazita	1
maëstricht	1
maîtresse	1
mbuiti	1
mecklembourg	1
medjec-tégu	1
mee	1
meetia	1
mei-long	1
meika	1
meilhausen	1
melbourne	1
melde	1
meppel	1
merced	1
mercie	1
mers	1
mersey	1
mery	1
mes	1
mesdames	1
meshakek	1
meshed	1
meuesse	1
meursault	1
mezarado	1
mezarib	1
michaud	1
midhat-pacha	1
midi	1
miengai	1
mignon	1
mikado	1
milan	1
milas	1
millas	1
mindanao	1
ming-ming	1
mingréliens	1
minié	1
minorque	1
miotte	1
mirande	1
mirigrélie	1
mitho	1
mitton	1
mm.castelli	1
mmâ	1
moe	1
mohican	1
moi	1
moi-même	1
molema	1
molitor	1
moluques	1
moncloo	1
mondo	1
mondony	1
monrovia	1
monsville	1
mont-	1
mont-rosa	1
mont-sur-meurthe	1
monta-gne-de-la-cour	1
montagne	1
montbard	1
montbéliard	1
montespan	1
montessus	1
montevideo	1
montezuma	1
montferrat	1
monthifere	1
monti-gny-le-roy	1
montluçon	1
montmedy	1
montmorency	1
montregan	1
montrer	1
montrouge	1
montréal	1
montsaugeon	1
montsiwe	1
moonbedj	1
mooréa	1
morat	1
moratcha	1
moraï	1
morbi	1
moreuil	1
morgan	1
morgon	1
morse	1
mortain	1
moscou	1
mosoul	1
mostaganem	1
mostra	1
mosul	1
motir	1
moudang	1
moulins	1
mount-shobo	1
mousquère	1
moyen	1
moyeu	1
mozabites	1
moïse	1
mpongive	1
mundrucus	1
mungo-park	1
murillo	1
musoe	1
mystères	1
mzab	1
mâatz	1
mère	1
médine	1
médée	1
mégor	1
mélanésie	1
ménélas	1
mérite	1
mésopotamie	1
mézidon	1
nabu-	1
nadaillac	1
namaoli	1
nanine	1
napoléonville	1
naraingunge	1
nasikamba	1
nassib	1
natalie	1
natchez	1
nattauville	1
naturaliste	1
naudalax	1
nauron	1
navarre	1
navire	1
ndiago	1
ne-foud	1
nedj	1
neige	1
nemrod	1
nengne-ngozo	1
nep-lune	1
nero	1
nesto	1
neu-chàtel	1
neufchâtel	1
neuville	1
neuvy-sur-loire	1
neva	1
neversinks	1
newyork-476	1
ngonyai	1
ngouyai	1
ni	1
nich	1
nicolaief	1
nicosie	1
niedever	1
niek	1
nimerood	1
nina	1
niniam	1
niort	1
niphon	1
nippo	1
nistos	1
niu	1
nivernais	1
nizam	1
nkon-loulay	1
nogent-haute-marne	1
nokhor	1
noki	1
nomény	1
nord-amérique	1
nord-est	1
norodom	1
norte	1
north-broox	1
nous	1
nouvelle	1
nouvelle-géorgie	1
noya	1
ntaga	1
nugère	1
nuit	1
nuitz	1
nupe	1
nyansa	1
nébouzan	1
néerlande	1
népaul	1
nîmes	1
o-leococca	1
ob	1
obenda	1
oberaient	1
obiendji	1
obin	1
odin	1
oeste	1
ofonbon	1
ogôo'	1
okandas	1
okhotsk	1
olivri	1
oms	1
on	1
ongkor	1
onze	1
opal	1
opera	1
opis	1
orchilla	1
orconte	1
ordre	1
orembourg	1
orlhez	1
ornel	1
orohena	1
orontes	1
orthe	1
orthez	1
orthodoxe	1
orémieulx	1
orénoque	1
osaha	1
osaka	1
oshimbo	1
ossetes	1
ossoué	1
ostrog	1
osybas	1
otun-tina	1
oudh	1
oudon	1
oued-noun	1
ouenon	1
ouest	1
ougogo	1
oukigna	1
ourcq	1
ourga	1
oust	1
outrêla	1
ouvrard	1
ouvrez-donc	1
ouyandzi	1
oyampis	1
oyapock	1
pa-penoo	1
paa	1
paci-	1
padang	1
pafis	1
pagan	1
pagnj-sur-meuse	1
pago	1
pahounis	1
paillebœuf	1
pair	1
pairis	1
pajonales	1
palaos	1
palezza	1
pallas	1
pampas	1
pande	1
pangani	1
pantoja	1
paques	1
paradis-poissonnière	1
paraguay	1
paramaribo	1
parias	1
pariou	1
parker	1
parla	1
parodie	1
partagas	1
parthenay	1
partout	1
pascal	1
pati	1
patos	1
pavillon	1
pavin	1
peau-rouge	1
peches	1
pedro	1
pelew	1
pembroke	1
penhoën	1
penjab	1
penomb-penh	1
pensylvanie	1
pentecott	1
penthièvre	1
pernambouc	1
perthois	1
pertuiset	1
peshaver	1
peshawar	1
pessenge	1
petite-boukharie	1
peulvan	1
peyrelade	1
peyrouse	1
pfayfair	1
philippe	1
philippopoli	1
phébus-àpollon	1
pidiin	1
pidlin	1
pie	1
pied-sablon	1
pierre-fontaine	1
pierrefonds	1
pieter	1
piii-oû-oû-it-itl	1
pillage	1
pincé	1
pinhala	1
pinto	1
pirate	1
pisancelle	1
pitchoury	1
pitlkaj	1
piton	1
pizarre	1
pièges	1
placa	1
plaine	1
pleure	1
pline	1
ploer	1
ploëmel	1
plymouth	1
pnom-penh	1
pohang	1
poissons	1
poitiers	1
pollux	1
poltrot	1
pompadour	1
pompéi	1
pondichéry	1
pont-à-mousson	1
por	1
pordre	1
porentruy	1
port	1
port-d'	1
port-royal	1
port-saïd	1
potel	1
pouah	1
pouilly	1
pouilly-sur-loire	1
pouldu	1
poulo-condor	1
pourra	1
poyang	1
pra	1
prado	1
prends	1
prenez	1
preste	1
pretty	1
prez-en-pail	1
princesse	1
priziac	1
procédé	1
profonde	1
proie	1
prophète	1
provence	1
puiseaux	1
pulmalla	1
purgatoire	1
puy	1
puyoo	1
puys	1
py	1
pé-ling	1
pé-rêva	1
péguans	1
péninsule	1
pérak	1
périgord	1
pétersbourg	1
qu'	1
quabi	1
quantin	1
quasimodo	1
quatre-vallées	1
quatre-vingt	1
quelle	1
quelques	1
quenzuenga	1
quetta	1
quillebeuf	1
quimper	1
quinze	1
quito	1
qxus.	1
raatria	1
radama	1
radet	1
rakenga	1
rakotobé	1
ram-bassalam	1
rambouillet	1
ramiro	1
rampon	1
ramri	1
ranavalo	1
rangoun	1
rapera	1
raphaël	1
rapine	1
rapp	1
ras-assir	1
ras-el-nin	1
rassure-toi	1
ratenon	1
reaune	1
rebecca	1
rebmann	1
red-rock	1
redburg	1
reforme	1
reggio	1
regnier	1
reine	1
reischoffen	1
renoir	1
resoina	1
retourner	1
rhiu	1
rhôhe	1
rhôme	1
riada	1
richard	1
riche	1
riche-val	1
rien	1
rifel	1
rio-grande	1
rio-parou	1
rio-sacra-mento	1
rio-vermejo	1
rioumajôu	1
ritimbo	1
riva	1
rivesaltes	1
ro	1
roala	1
robert	1
robespierre	1
roga	1
roggewein	1
roi-soleil	1
roja	1
rolas	1
roque	1
rorota	1
rosnay	1
rotta	1
roubiers	1
roucouyennes	1
roum	1
roumanie	1
rousseau	1
rouvre	1
rox-burry	1
royal-marine	1
royat	1
roë	1
ruffianne	1
rumeilat	1
rumi-naka	1
run	1
ruris	1
ruysdaêl	1
récit	1
rémois	1
résigné	1
rétif	1
réveillon	1
rëcréation	1
sa-lambô	1
sabbat	1
sablon	1
sacconnet	1
sachem	1
sacremento	1
sagittaria	1
sai	1
saignes	1
saimaira	1
sainfos	1
saint-alyre	1
saint-antoine	1
saint-aubin	1
saint-biaise	1
saint-brieuc	1
saint-cyr	1
saint-dié	1
saint-esprit	1
saint-germain-lambron	1
saint-gildas-de-rhuis	1
saint-honoré	1
saint-johnsbury	1
saint-laurent	1
saint-léger	1
saint-martin	1
saint-nectaire	1
saint-philippe	1
saint-quentin	1
saint-simon	1
saint-thomas	1
saint-urban	1
saint-wolfrand	1
sainte-colombe	1
sainte-geneviève	1
sainte-hélène	1
sainte-menehould	1
sainte-suzanne	1
sais-tu	1
sakaï	1
sala	1
salamah	1
salengore	1
salies	1
salisbury	1
salmira	1
salouen	1
sam-quito	1
samarcande	1
samarie	1
samlahs	1
samoyèdes	1
san-carlo	1
san-diego	1
san-juan	1
san-pedro	1
sanctuaire.	1
sandhurst	1
sandy-creek	1
sandy-hook	1
sang-ka	1
sanguinaire	1
sans	1
santa-inès	1
santa-maria	1
santo-tomé	1
sapor	1
sapristi	1
sar-	1
sar-thon	1
sarah	1
sas	1
satanas	1
satmira	1
sauf	1
sauvetage	1
sauvé	1
sauvés	1
sauzay	1
savane	1
saxeple	1
sayansk	1
scanderberg	1
scandinavie	1
schipka	1
schlangé	1
schoenbrunn	1
scholl	1
schoniella	1
scoutant	1
scylla	1
scènes	1
seebach	1
segre	1
seiayevo	1
selkirk	1
semao	1
semiramis	1
semlin	1
senevière	1
senon	1
senor	1
sept-cités	1
serapis	1
serayevo	1
serbie	1
serdélès	1
serghat	1
serik-koul	1
sermaifce	1
setrouvaient	1
shaug-haï	1
shaïbet	1
shogan	1
si	1
si-kiang	1
sicile	1
sienne	1
sienue	1
sikkim	1
sillery	1
simboum	1
simléx	1
simoun	1
sindh	1
sing-sing	1
singulière	1
sinope	1
sinto	1
sioux	1
sir-déria	1
siradan	1
sirkis	1
sixte	1
slains	1
sloignes	1
so	1
sofia	1
soiret	1
solebay	1
soliman	1
solo	1
somalis	1
somme-aisne	1
somme-sarthe	1
somme-soude	1
sommières	1
somphita	1
son	1
songerait-il	1
sonnehart	1
sonora	1
sont-elles	1
sont-ils	1
soreto	1
soto	1
sou	1
souabe	1
soude	1
soudras	1
soufriere	1
soulinari	1
soulon	1
soumriboull-koaro	1
sound	1
southampton	1
souve	1
souveraine	1
sparte	1
speke	1
spitzberg	1
sponde	1
stan	1
stanches	1
stand	1
staël	1
stewart	1
stonie	1
stop	1
strangford	1
substahce	1
suckau	1
sud-ouest	1
sudt	1
suffit	1
suffren	1
suie	1
suippe	1
suis	1
suize	1
sulitelma	1
sundgau	1
supposer	1
surate	1
surcouf	1
surtout	1
sème	1
sélune	1
séoube	1
sêcria	1
s’	1
t-ichid	1
taapuna	1
table-ronde	1
tabou	1
talvane	1
tamatave	1
tamson	1
tanganaïca	1
tanger	1
tanimal	1
tannay	1
tapeur	1
tapproche	1
tara	1
tarim	1
tarnow	1
taro	1
tas	1
tashoo	1
tasmanie	1
tasse	1
tatars	1
tatihou	1
tattachai	1
taurus	1
tausterite	1
tautomne	1
tavenir	1
tay-phou	1
taï-kounoushiogoun	1
taïarabu	1
tchatura	1
tchernagora	1
techerchées	1
techeréhe	1
teckei	1
tedif	1
tehil-aga	1
tekke	1
tekrit	1
tel-armen	1
telegraph	1
telle	1
temporta	1
tenasserim	1
tengager	1
tengo	1
tennemi	1
ternate	1
terrible	1
tessin	1
test	1
tetabelat	1
teulla	1
teweh	1
thelle	1
thenc	1
thistoire	1
thiuberg	1
thona	1
thonorable	1
thor	1
thorel	1
thug	1
thunder	1
thurot	1
thève	1
thérain	1
théâtre-royal	1
tiarci	1
tiberiade	1
tidor	1
tien-tsin	1
tijiji	1
tille	1
timesithéas	1
timonier	1
timpahaches	1
tire-	1
tirnova	1
titres	1
tivoire	1
tjijiji	1
to	1
tobago	1
tobriq	1
tocanderra	1
tofficier	1
togo-in	1
tohio	1
tokio	1
tolède	1
tombo	1
ton	1
tondano	1
tong-kou	1
tong-tchouen	1
tonquin	1
topeka	1
toreo	1
tornoise	1
torre	1
torremila	1
tortures	1
touk	1
tourane	1
tourette	1
tournai	1
tout	1
toute	1
toyela	1
tra-	1
traire	1
transvaal	1
traxfene	1
trebizonde	1
trerre	1
trie-château	1
trinité	1
troisième	1
trondjou	1
trouditissa	1
troumouse	1
trouville	1
truite	1
tschou	1
tsernoiévitja	1
tu	1
tudesques	1
tullum	1
tunas	1
tune	1
tunù-klù	1
tupungoto	1
turcs	1
turnhull	1
tyar	1
types	1
téminent	1
tépitaphe	1
tétiaroa	1
udon	1
un	1
une	1
unyros	1
unzagua	1
uranie	1
ure	1
urville-hague	1
utah	1
uzure	1
va	1
va-lazé	1
vabrita	1
vacas	1
vacon	1
vactéon	1
vade	1
vaihaygre	1
vaillant	1
vaisseau.deproie	1
val	1
val-de-pegna	1
valence	1
vallée	1
valois	1
vandre	1
vanikoro	1
vanna	1
vanne	1
vanves	1
vanéra	1
varennesen-argonne	1
vatronautique	1
vaubecourt	1
vaucouleurs	1
vaux	1
ve	1
veau	1
venaient	1
vendline	1
vengeance	1
vengeur	1
vent	1
vente	1
verbe	1
vercingétorix	1
verciorova	1
verdi	1
vernet	1
verre	1
verrier	1
vers	1
versailles	1
verse	1
vertus	1
vesle	1
veyre	1
vi	1
vi-coin	1
vicksburg	1
victoria-nyanza	1
vieille	1
ville	1
ville-blanche	1
ville-empire	1
villebroeck	1
villefranche	1
vindhyas	1
vingh-long	1
vingt	1
virgile	1
vishnou	1
visite	1
viti	1
vitoria	1
vivre	1
vière	1
vo-lailto	1
voctan	1
voient	1
voila	1
voisins	1
volatiles	1
volons	1
volontiers	1
volte-face	1
voltige	1
vostréiculture	1
voyez	1
voyez-vous	1
vrai	1
vrille	1
vultur	1
vésuve	1
vézelize	1
waivre	1
walata	1
water-witch	1
we	1
wellesley	1
west-india-company	1
whitehaven	1
whoon-yang	1
wickstrom	1
wild	1
willis	1
winnemucca	1
witch	1
with-worth	1
witt	1
wlahovitj	1
xiiie	1
xures	1
ya	1
yablonoï	1
yacouman	1
yaguaray	1
yana	1
yang-tsé	1
yanon	1
yassy	1
yeava	1
yedo	1
yeso	1
yolo	1
yorck	1
york	1
young	1
yunnan	1
zagaie	1
zaouia	1
zatiché	1
zeerust	1
ziara	1
zoua	1
zurich	1
zurio	1
zélande	1
àdamstown	1
àlmeada	1
àndelot	1
àngot	1
çakiamouni	1
çakias	1
çarcase	1
écoutez-moi	1
écrasé	1
éliaœûants	1
émue	1
épilogue	1
épinal	1
étambot	1
étoile	1
évangile	1
êaies	1
êretien	1
œil	1
